component,strategy,target_fraction,fraction,n_removed,runs,edge_fraction_lost,node_fraction_lost,od_eff_norm,od_eff_norm_std,od_eff_norm_p025,od_eff_norm_p975,od_eff_loss,od_eff_loss_std,od_eff_loss_p025,od_eff_loss_p975,lscc_norm,lscc_norm_std,lscc_norm_p025,lscc_norm_p975,td_loss,td_loss_std,td_loss_p025,td_loss_p975,reachable_demand_share,reachable_demand_share_std,reachable_demand_share_p025,reachable_demand_share_p975
link,lscc,0.0,0.0,0,1,0.0,0.0,1.0,0.0,1.0,1.0,0.0,0.0,0.0,0.0,1.0,0.0,1.0,1.0,0.0,0.0,0.0,0.0,1.0,0.0,1.0,1.0
link,lscc,0.02,0.020007020007020006,57,1,0.020007020007020006,0.0,0.8448541992245034,0.0,0.8448541992245034,0.8448541992245034,0.15514580077549656,0.0,0.15514580077549656,0.15514580077549656,0.7778497409326425,0.0,0.7778497409326425,0.7778497409326425,0.8026060433932654,0.0,0.8026060433932654,0.8026060433932654,0.7513586380621783,0.0,0.7513586380621783,0.7513586380621783
link,lscc,0.04,0.04001404001404001,114,1,0.04001404001404001,0.0,0.7483745422527874,0.0,0.7483745422527874,0.7483745422527874,0.25162545774721257,0.0,0.25162545774721257,0.25162545774721257,0.680699481865285,0.0,0.680699481865285,0.680699481865285,1.2140446093664787,0.0,1.2140446093664787,1.2140446093664787,0.6284834610596366,0.0,0.6284834610596366,0.6284834610596366
link,lscc,0.06,0.06002106002106002,171,1,0.06002106002106002,0.0,0.6329713625336352,0.0,0.6329713625336352,0.6329713625336352,0.3670286374663648,0.0,0.3670286374663648,0.3670286374663648,0.5829015544041452,0.0,0.5829015544041452,0.5829015544041452,1.6688797243166056,0.0,1.6688797243166056,1.6688797243166056,0.4983432496935403,0.0,0.4983432496935403,0.4983432496935403
link,lscc,0.08,0.08002808002808003,228,1,0.08002808002808003,0.0,0.5518885088520075,0.0,0.5518885088520075,0.5518885088520075,0.44811149114799254,0.0,0.44811149114799254,0.44811149114799254,0.4799222797927461,0.0,0.4799222797927461,0.4799222797927461,1.952766620975851,0.0,1.952766620975851,1.952766620975851,0.40699959834790816,0.0,0.40699959834790816,0.40699959834790816
link,lscc,0.1,0.10003510003510004,285,1,0.10003510003510004,0.0,0.4948175516213158,0.0,0.4948175516213158,0.4948175516213158,0.5051824483786842,0.0,0.5051824483786842,0.5051824483786842,0.38212435233160624,0.0,0.38212435233160624,0.38212435233160624,2.259302313172241,0.0,2.259302313172241,2.259302313172241,0.31608339387352397,0.0,0.31608339387352397,0.31608339387352397
link,lscc,0.12,0.12004212004212005,342,1,0.12004212004212005,0.0,0.42278474481437656,0.0,0.42278474481437656,0.42278474481437656,0.5772152551856234,0.0,0.5772152551856234,0.5772152551856234,0.15738341968911918,0.0,0.15738341968911918,0.15738341968911918,2.460920939739039,0.0,2.460920939739039,2.460920939739039,0.2286764345904386,0.0,0.2286764345904386,0.2286764345904386
link,lscc,0.14,0.14004914004914004,399,1,0.14004914004914004,0.0,0.35978400324262416,0.0,0.35978400324262416,0.35978400324262416,0.6402159967573758,0.0,0.6402159967573758,0.6402159967573758,0.11010362694300518,0.0,0.11010362694300518,0.11010362694300518,2.69809203293892,0.0,2.69809203293892,2.69809203293892,0.1357070345265655,0.0,0.1357070345265655,0.1357070345265655
link,lscc,0.16,0.16005616005616005,456,1,0.16005616005616005,0.0,0.32843042026249397,0.0,0.32843042026249397,0.32843042026249397,0.6715695797375061,0.0,0.6715695797375061,0.6715695797375061,0.04533678756476684,0.0,0.04533678756476684,0.04533678756476684,2.8300302306493266,0.0,2.8300302306493266,2.8300302306493266,0.08575671026198636,0.0,0.08575671026198636,0.08575671026198636
link,lscc,0.18,0.18006318006318006,513,1,0.18006318006318006,0.0,0.3220054478074822,0.0,0.3220054478074822,0.3220054478074822,0.6779945521925178,0.0,0.6779945521925178,0.6779945521925178,0.04533678756476684,0.0,0.04533678756476684,0.04533678756476684,2.8635486310233307,0.0,2.8635486310233307,2.8635486310233307,0.07359194594656787,0.0,0.07359194594656787,0.07359194594656787
link,lscc,0.2,0.20007020007020007,570,1,0.20007020007020007,0.0,0.29440294944966,0.0,0.29440294944966,0.29440294944966,0.7055970505503399,0.0,0.7055970505503399,0.7055970505503399,0.04404145077720207,0.0,0.04404145077720207,0.04404145077720207,2.944485587143048,0.0,2.944485587143048,2.944485587143048,0.044692067188632875,0.0,0.044692067188632875,0.044692067188632875
link,lscc,0.22,0.22007722007722008,627,1,0.22007722007722008,0.0,0.28374263866596483,0.0,0.28374263866596483,0.28374263866596483,0.7162573613340352,0.0,0.7162573613340352,0.7162573613340352,0.04145077720207254,0.0,0.04145077720207254,0.04145077720207254,2.971812506741132,0.0,2.971812506741132,2.971812506741132,0.035456751583136915,0.0,0.035456751583136915,0.035456751583136915
link,lscc,0.24,0.2400842400842401,684,1,0.2400842400842401,0.0,0.2780620290040494,0.0,0.2780620290040494,0.2780620290040494,0.7219379709959506,0.0,0.7219379709959506,0.7219379709959506,0.034974093264248704,0.0,0.034974093264248704,0.034974093264248704,2.986559601160657,0.0,2.986559601160657,2.986559601160657,0.03044913752299979,0.0,0.03044913752299979,0.03044913752299979
link,lscc,0.26,0.2600912600912601,741,1,0.2600912600912601,0.0,0.27283365867364956,0.0,0.27283365867364956,0.27283365867364956,0.7271663413263505,0.0,0.7271663413263505,0.7271663413263505,0.02590673575129534,0.0,0.02590673575129534,0.02590673575129534,2.9941512965677153,0.0,2.9941512965677153,2.9941512965677153,0.0279774555592555,0.0,0.0279774555592555,0.0279774555592555
link,lscc,0.28,0.2800982800982801,798,1,0.2800982800982801,0.0,0.27079029145920636,0.0,0.27079029145920636,0.27079029145920636,0.7292097085407936,0.0,0.7292097085407936,0.7292097085407936,0.02590673575129534,0.0,0.02590673575129534,0.02590673575129534,2.9987235004756614,0.0,2.9987235004756614,2.9987235004756614,0.026475942902402353,0.0,0.026475942902402353,0.026475942902402353
link,lscc,0.3,0.3001053001053001,855,1,0.3001053001053001,0.0,0.2682061506774781,0.0,0.2682061506774781,0.2682061506774781,0.7317938493225219,0.0,0.7317938493225219,0.7317938493225219,0.02266839378238342,0.0,0.02266839378238342,0.02266839378238342,3.0041080166770664,0.0,3.0041080166770664,3.0041080166770664,0.02473248133612154,0.0,0.02473248133612154,0.02473248133612154
link,lscc,0.32,0.3201123201123201,912,1,0.3201123201123201,0.0,0.26445633834448434,0.0,0.26445633834448434,0.26445633834448434,0.7355436616555157,0.0,0.7355436616555157,0.7355436616555157,0.02266839378238342,0.0,0.02266839378238342,0.02266839378238342,3.0079940578946034,0.0,3.0079940578946034,3.0079940578946034,0.023470814683362432,0.0,0.023470814683362432,0.023470814683362432
link,lscc,0.34,0.34011934011934014,969,1,0.34011934011934014,0.0,0.24752416261084242,0.0,0.24752416261084242,0.24752416261084242,0.7524758373891576,0.0,0.7524758373891576,0.7524758373891576,0.02266839378238342,0.0,0.02266839378238342,0.02266839378238342,3.0173444893086736,0.0,3.0173444893086736,3.0173444893086736,0.02043477726939857,0.0,0.02043477726939857,0.02043477726939857
link,lscc,0.36,0.3601263601263601,1026,1,0.3601263601263601,0.0,0.24514682689641115,0.0,0.24514682689641115,0.24514682689641115,0.7548531731035888,0.0,0.7548531731035888,0.7548531731035888,0.022020725388601035,0.0,0.022020725388601035,0.022020725388601035,3.0212804784261738,0.0,3.0212804784261738,3.0212804784261738,0.019149506639178526,0.0,0.019149506639178526,0.019149506639178526
link,lscc,0.38,0.38013338013338016,1083,1,0.38013338013338016,0.0,0.231714399854135,0.0,0.231714399854135,0.231714399854135,0.768285600145865,0.0,0.768285600145865,0.768285600145865,0.022020725388601035,0.0,0.022020725388601035,0.022020725388601035,3.026686937776633,0.0,3.026686937776633,3.026686937776633,0.017384718648778556,0.0,0.017384718648778556,0.017384718648778556
link,lscc,0.4,0.40014040014040014,1140,1,0.40014040014040014,0.0,0.231714399854135,0.0,0.231714399854135,0.231714399854135,0.768285600145865,0.0,0.768285600145865,0.768285600145865,0.022020725388601035,0.0,0.022020725388601035,0.022020725388601035,3.026686937776633,0.0,3.026686937776633,3.026686937776633,0.017384718648778556,0.0,0.017384718648778556,0.017384718648778556
link,od_eff,0.0,0.0,0,1,0.0,0.0,1.0,0.0,1.0,1.0,0.0,0.0,0.0,0.0,1.0,0.0,1.0,1.0,0.0,0.0,0.0,0.0,1.0,0.0,1.0,1.0
link,od_eff,0.02,0.020007020007020006,57,1,0.020007020007020006,0.0,0.4720641074320059,0.0,0.4720641074320059,0.4720641074320059,0.5279358925679941,0.0,0.5279358925679941,0.5279358925679941,0.9158031088082902,0.0,0.9158031088082902,0.9158031088082902,0.9458715508234876,0.0,0.9458715508234876,0.9458715508234876,0.707833238701756,0.0,0.707833238701756,0.707833238701756
link,od_eff,0.04,0.04001404001404001,114,1,0.04001404001404001,0.0,0.32828346627411487,0.0,0.32828346627411487,0.32828346627411487,0.6717165337258851,0.0,0.6717165337258851,0.6717165337258851,0.8348445595854922,0.0,0.8348445595854922,0.8348445595854922,1.5427077645080618,0.0,1.5427077645080618,1.5427077645080618,0.5258452604960888,0.0,0.5258452604960888,0.5258452604960888
link,od_eff,0.06,0.06002106002106002,171,1,0.06002106002106002,0.0,0.23366759756785638,0.0,0.23366759756785638,0.23366759756785638,0.7663324024321436,0.0,0.7663324024321436,0.7663324024321436,0.7409326424870466,0.0,0.7409326424870466,0.7409326424870466,1.988968835143368,0.0,1.988968835143368,1.988968835143368,0.37844715234122817,0.0,0.37844715234122817,0.37844715234122817
link,od_eff,0.08,0.08002808002808003,228,1,0.08002808002808003,0.0,0.20362993094767018,0.0,0.20362993094767018,0.20362993094767018,0.7963700690523299,0.0,0.7963700690523299,0.7963700690523299,0.7189119170984457,0.0,0.7189119170984457,0.7189119170984457,2.101726182415264,0.0,2.101726182415264,2.101726182415264,0.34599362699115654,0.0,0.34599362699115654,0.34599362699115654
link,od_eff,0.1,0.10003510003510004,285,1,0.10003510003510004,0.0,0.15964159161515415,0.0,0.15964159161515415,0.15964159161515415,0.8403584083848459,0.0,0.8403584083848459,0.8403584083848459,0.6787564766839379,0.0,0.6787564766839379,0.6787564766839379,2.317550993730197,0.0,2.317550993730197,2.317550993730197,0.2799615522055372,0.0,0.2799615522055372,0.2799615522055372
link,od_eff,0.12,0.12004212004212005,342,1,0.12004212004212005,0.0,0.12934426534678198,0.0,0.12934426534678198,0.12934426534678198,0.870655734653218,0.0,0.870655734653218,0.870655734653218,0.5822538860103628,0.0,0.5822538860103628,0.5822538860103628,2.4892126175947316,0.0,2.4892126175947316,2.4892126175947316,0.2248942351931106,0.0,0.2248942351931106,0.2248942351931106
link,od_eff,0.14,0.14004914004914004,399,1,0.14004914004914004,0.0,0.09136928202208563,0.0,0.09136928202208563,0.09136928202208563,0.9086307179779144,0.0,0.9086307179779144,0.9086307179779144,0.43911917098445596,0.0,0.43911917098445596,0.43911917098445596,2.697100392858612,0.0,2.697100392858612,2.697100392858612,0.14381766964541046,0.0,0.14381766964541046,0.14381766964541046
link,od_eff,0.16,0.16005616005616005,456,1,0.16005616005616005,0.0,0.05478030722774046,0.0,0.05478030722774046,0.05478030722774046,0.9452196927722596,0.0,0.9452196927722596,0.9452196927722596,0.3490932642487047,0.0,0.3490932642487047,0.3490932642487047,2.8870885505614625,0.0,2.8870885505614625,2.8870885505614625,0.067958150965507,0.0,0.067958150965507,0.067958150965507
link,od_eff,0.18,0.18006318006318006,513,1,0.18006318006318006,0.0,0.047502372652206075,0.0,0.047502372652206075,0.047502372652206075,0.952497627347794,0.0,0.952497627347794,0.952497627347794,0.3296632124352332,0.0,0.3296632124352332,0.3296632124352332,2.9152523635065184,0.0,2.9152523635065184,2.9152523635065184,0.05886538066772564,0.0,0.05886538066772564,0.05886538066772564
link,od_eff,0.2,0.20007020007020007,570,1,0.20007020007020007,0.0,0.04214672736863492,0.0,0.04214672736863492,0.04214672736863492,0.9578532726313651,0.0,0.9578532726313651,0.9578532726313651,0.32189119170984454,0.0,0.32189119170984454,0.32189119170984454,2.9354778226609017,0.0,2.9354778226609017,2.9354778226609017,0.05137860738654278,0.0,0.05137860738654278,0.05137860738654278
link,od_eff,0.22,0.22007722007722008,627,1,0.22007722007722008,0.0,0.035609009858868994,0.0,0.035609009858868994,0.035609009858868994,0.964390990141131,0.0,0.964390990141131,0.964390990141131,0.25323834196891193,0.0,0.25323834196891193,0.25323834196891193,2.962822493798989,0.0,2.962822493798989,2.962822493798989,0.041464195106130725,0.0,0.041464195106130725,0.041464195106130725
link,od_eff,0.24,0.2400842400842401,684,1,0.2400842400842401,0.0,0.027336118963371094,0.0,0.027336118963371094,0.027336118963371094,0.9726638810366289,0.0,0.9726638810366289,0.9726638810366289,0.22215025906735753,0.0,0.22215025906735753,0.22215025906735753,2.9969480204058474,0.0,2.9969480204058474,2.9969480204058474,0.02890484723036086,0.0,0.02890484723036086,0.02890484723036086
link,od_eff,0.26,0.2600912600912601,741,1,0.2600912600912601,0.0,0.02135980071068831,0.0,0.02135980071068831,0.02135980071068831,0.9786401992893117,0.0,0.9786401992893117,0.9786401992893117,0.16386010362694303,0.0,0.16386010362694303,0.16386010362694303,3.0253746084062327,0.0,3.0253746084062327,3.0253746084062327,0.019033006581825624,0.0,0.019033006581825624,0.019033006581825624
link,od_eff,0.28,0.2800982800982801,798,1,0.2800982800982801,0.0,0.01627941671732462,0.0,0.01627941671732462,0.01627941671732462,0.9837205832826754,0.0,0.9837205832826754,0.9837205832826754,0.040803108808290155,0.0,0.040803108808290155,0.040803108808290155,3.046312681913028,0.0,3.046312681913028,3.046312681913028,0.011555076213207869,0.0,0.011555076213207869,0.011555076213207869
link,od_eff,0.3,0.3001053001053001,855,1,0.3001053001053001,0.0,0.01472809253849672,0.0,0.01472809253849672,0.01472809253849672,0.9852719074615033,0.0,0.9852719074615033,0.9852719074615033,0.040803108808290155,0.0,0.040803108808290155,0.040803108808290155,3.0516929130000787,0.0,3.0516929130000787,3.0516929130000787,0.009629721881393122,0.0,0.009629721881393122,0.009629721881393122
link,od_eff,0.32,0.3201123201123201,912,1,0.3201123201123201,0.0,0.012165366213990128,0.0,0.012165366213990128,0.012165366213990128,0.9878346337860099,0.0,0.9878346337860099,0.9878346337860099,0.02461139896373057,0.0,0.02461139896373057,0.02461139896373057,3.0603865314689926,0.0,3.0603865314689926,3.0603865314689926,0.0066319372749399095,0.0,0.0066319372749399095,0.0066319372749399095
link,od_eff,0.34,0.34011934011934014,969,1,0.34011934011934014,0.0,0.00649318291333988,0.0,0.00649318291333988,0.00649318291333988,0.9935068170866601,0.0,0.9935068170866601,0.9935068170866601,0.015544041450777202,0.0,0.015544041450777202,0.015544041450777202,3.0697888759034373,0.0,3.0697888759034373,3.0697888759034373,0.0034476333252823044,0.0,0.0034476333252823044,0.0034476333252823044
link,od_eff,0.36,0.3601263601263601,1026,1,0.3601263601263601,0.0,0.004767000435205526,0.0,0.004767000435205526,0.004767000435205526,0.9952329995647945,0.0,0.9952329995647945,0.9952329995647945,0.015544041450777202,0.0,0.015544041450777202,0.015544041450777202,3.072575484071652,0.0,3.072575484071652,3.072575484071652,0.0025241508707261402,0.0,0.0025241508707261402,0.0025241508707261402
link,od_eff,0.38,0.38013338013338016,1083,1,0.38013338013338016,0.0,0.002446859288712586,0.0,0.002446859288712586,0.002446859288712586,0.9975531407112874,0.0,0.9975531407112874,0.9975531407112874,0.015544041450777202,0.0,0.015544041450777202,0.015544041450777202,3.076660339962702,0.0,3.076660339962702,3.076660339962702,0.001151530941202118,0.0,0.001151530941202118,0.001151530941202118
link,od_eff,0.4,0.40014040014040014,1140,1,0.40014040014040014,0.0,0.0014860992036699573,0.0,0.0014860992036699573,0.0014860992036699573,0.9985139007963301,0.0,0.9985139007963301,0.9985139007963301,0.011010362694300517,0.0,0.011010362694300517,0.011010362694300517,3.078925856903153,0.0,3.078925856903153,3.078925856903153,0.0004035794754217895,0.0,0.0004035794754217895,0.0004035794754217895
link,odbc,0.0,0.0,0,1,0.0,0.0,1.0,0.0,1.0,1.0,0.0,0.0,0.0,0.0,1.0,0.0,1.0,1.0,0.0,0.0,0.0,0.0,1.0,0.0,1.0,1.0
link,odbc,0.02,0.020007020007020006,57,1,0.020007020007020006,0.0,0.8728037792895829,0.0,0.8728037792895829,0.8728037792895829,0.12719622071041714,0.0,0.12719622071041714,0.12719622071041714,0.9242227979274612,0.0,0.9242227979274612,0.9242227979274612,0.42396602890794627,0.0,0.42396602890794627,0.42396602890794627,0.9009197865118284,0.0,0.9009197865118284,0.9009197865118284
link,odbc,0.04,0.04001404001404001,114,1,0.04001404001404001,0.0,0.7636947878868005,0.0,0.7636947878868005,0.7636947878868005,0.23630521211319955,0.0,0.23630521211319955,0.23630521211319955,0.8588082901554404,0.0,0.8588082901554404,0.8588082901554404,0.8007775057012388,0.0,0.8007775057012388,0.8007775057012388,0.8283528401381217,0.0,0.8283528401381217,0.8283528401381217
link,odbc,0.06,0.06002106002106002,171,1,0.06002106002106002,0.0,0.726792790257751,0.0,0.726792790257751,0.726792790257751,0.273207209742249,0.0,0.273207209742249,0.273207209742249,0.8238341968911918,0.0,0.8238341968911918,0.8238341968911918,0.9613037309156386,0.0,0.9613037309156386,0.9613037309156386,0.7629194021176074,0.0,0.7629194021176074,0.7629194021176074
link,odbc,0.08,0.08002808002808003,228,1,0.08002808002808003,0.0,0.5702535956861798,0.0,0.5702535956861798,0.5702535956861798,0.42974640431382016,0.0,0.42974640431382016,0.42974640431382016,0.5382124352331606,0.0,0.5382124352331606,0.5382124352331606,1.7376763064625422,0.0,1.7376763064625422,1.7376763064625422,0.510608429164309,0.0,0.510608429164309,0.510608429164309
link,odbc,0.1,0.10003510003510004,285,1,0.10003510003510004,0.0,0.4512667214201138,0.0,0.4512667214201138,0.4512667214201138,0.5487332785798862,0.0,0.5487332785798862,0.5487332785798862,0.49481865284974097,0.0,0.49481865284974097,0.49481865284974097,2.0236896632841828,0.0,2.0236896632841828,2.0236896632841828,0.40250846216058955,0.0,0.40250846216058955,0.40250846216058955
link,odbc,0.12,0.12004212004212005,342,1,0.12004212004212005,0.0,0.4141431999808441,0.0,0.4141431999808441,0.4141431999808441,0.585856800019156,0.0,0.585856800019156,0.585856800019156,0.46567357512953367,0.0,0.46567357512953367,0.46567357512953367,2.228662251096669,0.0,2.228662251096669,2.228662251096669,0.3153935501027536,0.0,0.3153935501027536,0.3153935501027536
link,odbc,0.14,0.14004914004914004,399,1,0.14004914004914004,0.0,0.336294239987281,0.0,0.336294239987281,0.336294239987281,0.663705760012719,0.0,0.663705760012719,0.663705760012719,0.31476683937823835,0.0,0.31476683937823835,0.31476683937823835,2.5236207286840915,0.0,2.5236207286840915,2.5236207286840915,0.19780913422429677,0.0,0.19780913422429677,0.19780913422429677
link,odbc,0.16,0.16005616005616005,456,1,0.16005616005616005,0.0,0.32288556162230514,0.0,0.32288556162230514,0.32288556162230514,0.6771144383776948,0.0,0.6771144383776948,0.6771144383776948,0.28886010362694303,0.0,0.28886010362694303,0.28886010362694303,2.5752228827603325,0.0,2.5752228827603325,2.5752228827603325,0.18163677539303827,0.0,0.18163677539303827,0.18163677539303827
link,odbc,0.18,0.18006318006318006,513,1,0.18006318006318006,0.0,0.3130504437911826,0.0,0.3130504437911826,0.3130504437911826,0.6869495562088175,0.0,0.6869495562088175,0.6869495562088175,0.2869170984455959,0.0,0.2869170984455959,0.2869170984455959,2.6204958623232195,0.0,2.6204958623232195,2.6204958623232195,0.1698871185585752,0.0,0.1698871185585752,0.1698871185585752
link,odbc,0.2,0.20007020007020007,570,1,0.20007020007020007,0.0,0.27948739643160914,0.0,0.27948739643160914,0.27948739643160914,0.7205126035683909,0.0,0.7205126035683909,0.7205126035683909,0.19818652849740934,0.0,0.19818652849740934,0.19818652849740934,2.768109969750816,0.0,2.768109969750816,2.768109969750816,0.1113849987241966,0.0,0.1113849987241966,0.1113849987241966
link,odbc,0.22,0.22007722007722008,627,1,0.22007722007722008,0.0,0.263968427830622,0.0,0.263968427830622,0.263968427830622,0.736031572169378,0.0,0.736031572169378,0.736031572169378,0.07318652849740932,0.0,0.07318652849740932,0.07318652849740932,2.8593958857420683,0.0,2.8593958857420683,2.8593958857420683,0.0779704923331936,0.0,0.0779704923331936,0.0779704923331936
link,odbc,0.24,0.2400842400842401,684,1,0.2400842400842401,0.0,0.2524463910388295,0.0,0.2524463910388295,0.2524463910388295,0.7475536089611705,0.0,0.7475536089611705,0.7475536089611705,0.07124352331606218,0.0,0.07124352331606218,0.07124352331606218,2.8788554419410555,0.0,2.8788554419410555,2.8788554419410555,0.07338243749249168,0.0,0.07338243749249168,0.07338243749249168
link,odbc,0.26,0.2600912600912601,741,1,0.2600912600912601,0.0,0.21833075690083628,0.0,0.21833075690083628,0.21833075690083628,0.7816692430991637,0.0,0.7816692430991637,0.7816692430991637,0.06411917098445596,0.0,0.06411917098445596,0.06411917098445596,2.929055301985797,0.0,2.929055301985797,2.929055301985797,0.05212116274444817,0.0,0.05212116274444817,0.05212116274444817
link,odbc,0.28,0.2800982800982801,798,1,0.2800982800982801,0.0,0.21169922010363323,0.0,0.21169922010363323,0.21169922010363323,0.7883007798963668,0.0,0.7883007798963668,0.7883007798963668,0.048575129533678756,0.0,0.048575129533678756,0.048575129533678756,2.950184850713737,0.0,2.950184850713737,2.950184850713737,0.04357943468016026,0.0,0.04357943468016026,0.04357943468016026
link,odbc,0.3,0.3001053001053001,855,1,0.3001053001053001,0.0,0.19283725846424613,0.0,0.19283725846424613,0.19283725846424613,0.8071627415357538,0.0,0.8071627415357538,0.8071627415357538,0.042746113989637305,0.0,0.042746113989637305,0.042746113989637305,2.971011111442408,0.0,2.971011111442408,2.971011111442408,0.03705216504735158,0.0,0.03705216504735158,0.03705216504735158
link,odbc,0.32,0.3201123201123201,912,1,0.3201123201123201,0.0,0.18200157134108905,0.0,0.18200157134108905,0.18200157134108905,0.8179984286589109,0.0,0.8179984286589109,0.8179984286589109,0.027849740932642485,0.0,0.027849740932642485,0.027849740932642485,3.0059113518038325,0.0,3.0059113518038325,3.0059113518038325,0.024738470356148817,0.0,0.024738470356148817,0.024738470356148817
link,odbc,0.34,0.34011934011934014,969,1,0.34011934011934014,0.0,0.15955959306228149,0.0,0.15955959306228149,0.15955959306228149,0.8404404069377185,0.0,0.8404404069377185,0.8404404069377185,0.027849740932642485,0.0,0.027849740932642485,0.027849740932642485,3.026111563493405,0.0,3.026111563493405,3.026111563493405,0.017979332771934683,0.0,0.017979332771934683,0.017979332771934683
link,odbc,0.36,0.3601263601263601,1026,1,0.3601263601263601,0.0,0.15654922456777468,0.0,0.15654922456777468,0.15654922456777468,0.8434507754322254,0.0,0.8434507754322254,0.8434507754322254,0.027849740932642485,0.0,0.027849740932642485,0.027849740932642485,3.038911399992071,0.0,3.038911399992071,3.038911399992071,0.013673508982406928,0.0,0.013673508982406928,0.013673508982406928
link,odbc,0.38,0.38013338013338016,1083,1,0.38013338013338016,0.0,0.15567557179658836,0.0,0.15567557179658836,0.15567557179658836,0.8443244282034117,0.0,0.8443244282034117,0.8443244282034117,0.02266839378238342,0.0,0.02266839378238342,0.02266839378238342,3.0404630310120218,0.0,3.0404630310120218,3.0404630310120218,0.013149973946998952,0.0,0.013149973946998952,0.013149973946998952
link,odbc,0.4,0.40014040014040014,1140,1,0.40014040014040014,0.0,0.1514390933242724,0.0,0.1514390933242724,0.1514390933242724,0.8485609066757276,0.0,0.8485609066757276,0.8485609066757276,0.02266839378238342,0.0,0.02266839378238342,0.02266839378238342,3.0454483119041447,0.0,3.0454483119041447,3.0454483119041447,0.011528307511042571,0.0,0.011528307511042571,0.011528307511042571
link,random,0.0,0.0,0,30,0.0,0.0,1.0,0.0,1.0,1.0,0.0,0.0,0.0,0.0,1.0,0.0,1.0,1.0,0.0,0.0,0.0,0.0,1.0,0.0,1.0,1.0
link,random,0.02,0.020007020007020006,57,30,0.020007020007020013,0.0,0.9298594010346588,0.022100414984014088,0.8915693152835098,0.9608394252482877,0.07014059896534114,0.022100414984014088,0.039160574751712335,0.10843068471649017,0.9631476683937824,0.009249538530739737,0.9458873056994818,0.9762305699481865,0.1729609217252953,0.04582975263781333,0.10882450675525016,0.2612795980046963,0.9602907856526589,0.015160858481797596,0.9307480378044031,0.9791892641631694
link,random,0.04,0.04001404001404001,114,30,0.04001404001404003,0.0,0.8548755259037321,0.035417654985449215,0.7821292110632199,0.9107001726451014,0.1451244740962681,0.03541765498544922,0.08929982735489857,0.21787078893678,0.914637305699482,0.015484744858860922,0.8837111398963731,0.936544689119171,0.4073209976791813,0.07753918243097871,0.30407389204489094,0.564624777586151,0.9010596576206565,0.024970524570925308,0.8476878740586146,0.937537467385865
link,random,0.06,0.06002106002106002,171,30,0.060021060021060016,0.0,0.7768801816632103,0.0366909902140474,0.6938981690993087,0.8341296994807192,0.22311981833678995,0.036690990214047405,0.1658703005192807,0.30610183090069126,0.8560664939550949,0.02495382288964685,0.8014572538860104,0.8927946891191709,0.6769799226534576,0.0776092381198728,0.5695379187048282,0.8268110325695414,0.8325860756756316,0.025581903131224062,0.7784666726427145,0.8642583631856062
link,random,0.08,0.08002808002808003,228,30,0.08002808002808005,0.0,0.6955187983123781,0.03803500490621596,0.6213308915224481,0.7518698534259212,0.3044812016876222,0.03803500490621596,0.24813014657407878,0.37866910847755186,0.7841321243523317,0.035307566384847826,0.7228788860103628,0.8455958549222797,0.9624267194067195,0.12360876790110188,0.7835019900980007,1.2296220128057533,0.7573723770248145,0.03941222254236124,0.6771893871032807,0.8050950705048673
link,random,0.1,0.10003510003510004,285,30,0.10003510003510001,0.0,0.623048527780327,0.04570284142231932,0.5540406284639919,0.7025993727558771,0.3769514722196729,0.04570284142231932,0.29740062724412286,0.44595937153600806,0.6995898100172712,0.04381922572556039,0.6347636010362694,0.7735589378238341,1.2610358867914284,0.15339409822724376,0.9874985537547872,1.495910661519747,0.676472877444786,0.05532277782351962,0.5774998940634901,0.7583633180616626
link,random,0.12,0.12004212004212005,342,30,0.12004212004212003,0.0,0.5418873061352013,0.04664296710829931,0.44352140729630474,0.6022473874706316,0.45811269386479875,0.0466429671082993,0.3977526125293685,0.5564785927036953,0.6003454231433505,0.049364215917129015,0.5184747409326425,0.7079987046632124,1.624527694249307,0.1503676296083465,1.3725671039114853,1.9519896130861947,0.5704205962502354,0.05899330368373585,0.45596407976330305,0.6676012747857518
link,random,0.14,0.14004914004914004,399,30,0.14004914004914004,0.0,0.4689187259151501,0.0520805594485665,0.37453684520843755,0.5540325477167767,0.5310812740848498,0.0520805594485665,0.44596745228322326,0.6254631547915624,0.4797927461139897,0.09566692616337096,0.2683128238341969,0.5909812176165802,1.9698383284622298,0.20365907778163728,1.667162824125201,2.413280446929941,0.45659948129515826,0.08083810955848032,0.2638274240494795,0.5588409763548887
link,random,0.16,0.16005616005616005,456,30,0.1600561600561601,0.0,0.3993574947718464,0.05295913167131835,0.2953875274785289,0.48582492482649015,0.6006425052281535,0.052959131671318355,0.5141750751735098,0.704612472521471,0.29902849740932635,0.11349241527414715,0.11572215025906736,0.48821243523316066,2.3077398198006382,0.17066753349659228,2.025128064553489,2.6501850931922997,0.32079078335353206,0.07415736309713189,0.15858659247399406,0.4341493451427009
link,random,0.18,0.18006318006318006,513,30,0.18006318006318006,0.0,0.3425746043380862,0.05537231632733888,0.2639954143739399,0.4474971826204366,0.657425395661914,0.055372316327338876,0.5525028173795634,0.7360045856260601,0.1820379965457686,0.10654271451843343,0.04655116580310881,0.37888601036269426,2.5684078897836513,0.16275230692588563,2.3194418159505164,2.833277385614016,0.20747530696049715,0.07809625547968561,0.08546176877572134,0.339187270913383
link,random,0.2,0.20007020007020007,570,30,0.20007020007020002,0.0,0.3019682924106784,0.0546797400803007,0.2054196104874352,0.40030151815761655,0.6980317075893215,0.0546797400803007,0.5996984818423834,0.7945803895125647,0.1049222797927461,0.05329694709509641,0.03508743523316062,0.19154792746113983,2.7314601817649615,0.10386713354118761,2.552536189549484,2.8771427262475595,0.13355843064642453,0.045052434090543686,0.07047962713989199,0.20358401992660952
link,random,0.22,0.22007722007722008,627,30,0.22007722007722014,0.0,0.2709438355894723,0.05828431088150529,0.17217714553662677,0.37613017571554325,0.7290561644105277,0.05828431088150529,0.6238698242844567,0.8278228544633732,0.06899827288428324,0.04190912520894354,0.025728626943005182,0.15890544041450774,2.8371439313446087,0.07348020334472606,2.710599579054571,2.9427230773750077,0.08935741535353602,0.03003392398274879,0.047079457701012205,0.14101652888246774
link,random,0.24,0.2400842400842401,684,30,0.24008424008424006,0.0,0.2463070998202394,0.05503765202059366,0.16182648165221702,0.34470785046237074,0.7536929001797605,0.05503765202059366,0.6552921495376293,0.838173518347783,0.04652417962003455,0.027247277822574332,0.016661269430051813,0.10824158031088081,2.906037870889962,0.04680001311495112,2.8317630724275644,2.975093060635022,0.06240791114161437,0.018796458147538195,0.03494511883652739,0.09403876085658736
link,random,0.26,0.2600912600912601,741,30,0.26009126009126,0.0,0.22334114564868027,0.05267331955728724,0.14031223005167362,0.3266717661906109,0.7766588543513199,0.05267331955728725,0.6733282338093891,0.8596877699483263,0.03443436960276338,0.019875400117066778,0.011479922279792746,0.0789669689119171,2.9553709464123585,0.03526543125754158,2.9009727468958504,3.0078483094606043,0.04283321287814383,0.012456391810787509,0.023841311209596056,0.06130576840220889
link,random,0.28,0.2800982800982801,798,30,0.2800982800982801,0.0,0.20784271426763254,0.05057071987962401,0.12437614911357305,0.29614173305589725,0.7921572857323674,0.050570719879624006,0.7038582669441027,0.8756238508864269,0.025367012089810015,0.014757436115590408,0.010362694300518135,0.059876943005181316,2.9851945106857443,0.02884670798381861,2.9324717639075475,3.0342445400955222,0.03199016903074519,0.009951088755935172,0.015134330762698526,0.05003132544259645
link,random,0.3,0.3001053001053001,855,30,0.3001053001053002,0.0,0.19484337092848106,0.046644415492472016,0.11959681825263878,0.2696378471976399,0.805156629071519,0.04664441549247202,0.73036215280236,0.8804031817473612,0.02042314335060449,0.009223516415747859,0.010006476683937823,0.04124028497409325,3.0012726363987254,0.0237558251546567,2.9603536692071364,3.0359575025781056,0.026433828865104106,0.008225261982004448,0.014633982566808116,0.040603691732243236
link,random,0.32,0.3201123201123201,912,30,0.3201123201123202,0.0,0.18293247991148837,0.044954440970606246,0.10378335461295418,0.2511266689154676,0.8170675200885117,0.04495444097060626,0.7488733310845324,0.8962166453870458,0.016623488773747842,0.007298521815440266,0.008889248704663212,0.032917746113989635,3.0152098401406198,0.019511172942728285,2.9791390316347535,3.043531210171432,0.02159712739495093,0.006655643466721956,0.012108280424585574,0.03403629208958119
link,random,0.34,0.34011934011934014,969,30,0.3401193401193402,0.0,0.17071386046977863,0.04289243154067357,0.09761672188059499,0.24292283496881623,0.8292861395302213,0.04289243154067357,0.7570771650311838,0.902383278119405,0.01342832469775475,0.004929366523051027,0.007593911917098446,0.023510362694300506,3.0248264554132063,0.01611776814236841,2.9924539146560956,3.0472793421974766,0.01830890962302436,0.005468257594465645,0.01082913411927099,0.029705293864908777
link,random,0.36,0.3601263601263601,1026,30,0.3601263601263601,0.0,0.16107488376745,0.043561865755390575,0.09407101800633189,0.2400684093019876,0.8389251162325501,0.04356186575539057,0.7599315906980124,0.905928981993668,0.011593264248704662,0.0033989560364350315,0.006476683937823835,0.020077720207253888,3.0337628530502103,0.013329930016563175,3.0099124906070784,3.0526563110072167,0.015319020016342706,0.004454323568434391,0.008981064796379702,0.023679165519774958
link,random,0.38,0.38013338013338016,1083,30,0.38013338013338005,0.0,0.149632879649951,0.04496249280420515,0.07280407017409601,0.22380030661573974,0.850367120350049,0.044962492804205154,0.7761996933842602,0.9271959298259039,0.010492227979274614,0.0033606524979957783,0.006476683937823835,0.016790803108808285,3.0402471118329784,0.011685412892029165,3.020224247419122,3.0562236413965356,0.013107429000045221,0.003932600835175898,0.007809700289280159,0.02037928712843663
link,random,0.4,0.40014040014040014,1140,30,0.40014040014040003,0.0,0.1422035822679531,0.04477488067552596,0.067410390233273,0.2057134234666044,0.8577964177320467,0.04477488067552596,0.7942865765333956,0.932589609766727,0.00876511226252159,0.0026986034184569314,0.0058290155440414515,0.014248704663212436,3.045073631420451,0.010154614211575553,3.0269157840420635,3.060449483058371,0.011491780807244282,0.0033753675992746436,0.006413940844712214,0.017644075794107282
link,td,0.0,0.0,0,1,0.0,0.0,1.0,0.0,1.0,1.0,0.0,0.0,0.0,0.0,1.0,0.0,1.0,1.0,0.0,0.0,0.0,0.0,1.0,0.0,1.0,1.0
link,td,0.02,0.020007020007020006,57,1,0.020007020007020006,0.0,0.6395772587638365,0.0,0.6395772587638365,0.6395772587638365,0.36042274123616347,0.0,0.36042274123616347,0.36042274123616347,0.8847150259067358,0.0,0.8847150259067358,0.8847150259067358,1.2839006995534956,0.0,1.2839006995534956,1.2839006995534956,0.5906950853465525,0.0,0.5906950853465525,0.5906950853465525
link,td,0.04,0.04001404001404001,114,1,0.04001404001404001,0.0,0.536818733883373,0.0,0.536818733883373,0.536818733883373,0.463181266116627,0.0,0.463181266116627,0.463181266116627,0.8329015544041452,0.0,0.8329015544041452,0.8329015544041452,1.6865128822692046,0.0,1.6865128822692046,1.6865128822692046,0.46601575779502624,0.0,0.46601575779502624,0.46601575779502624
link,td,0.06,0.06002106002106002,171,1,0.06002106002106002,0.0,0.45924332401115997,0.0,0.45924332401115997,0.45924332401115997,0.54075667598884,0.0,0.54075667598884,0.54075667598884,0.8031088082901554,0.0,0.8031088082901554,0.8031088082901554,1.9420696787205076,0.0,1.9420696787205076,1.9420696787205076,0.38738586701699623,0.0,0.38738586701699623,0.38738586701699623
link,td,0.08,0.08002808002808003,228,1,0.08002808002808003,0.0,0.4071884198301325,0.0,0.4071884198301325,0.4071884198301325,0.5928115801698675,0.0,0.5928115801698675,0.5928115801698675,0.7091968911917098,0.0,0.7091968911917098,0.7091968911917098,2.1879574409848486,0.0,2.1879574409848486,2.1879574409848486,0.31236901290820557,0.0,0.31236901290820557,0.31236901290820557
link,td,0.1,0.10003510003510004,285,1,0.10003510003510004,0.0,0.33093897531026545,0.0,0.33093897531026545,0.33093897531026545,0.6690610246897346,0.0,0.6690610246897346,0.6690610246897346,0.6191709844559586,0.0,0.6191709844559586,0.6191709844559586,2.423853439031185,0.0,2.423853439031185,2.423853439031185,0.2535051686730386,0.0,0.2535051686730386,0.2535051686730386
link,td,0.12,0.12004212004212005,342,1,0.12004212004212005,0.0,0.2664014708482841,0.0,0.2664014708482841,0.2664014708482841,0.733598529151716,0.0,0.733598529151716,0.733598529151716,0.5757772020725388,0.0,0.5757772020725388,0.5757772020725388,2.5856388188175425,0.0,2.5856388188175425,2.5856388188175425,0.19315767333613795,0.0,0.19315767333613795,0.19315767333613795
link,td,0.14,0.14004914004914004,399,1,0.14004914004914004,0.0,0.24018476095112587,0.0,0.24018476095112587,0.24018476095112587,0.7598152390488742,0.0,0.7598152390488742,0.7598152390488742,0.5110103626943006,0.0,0.5110103626943006,0.5110103626943006,2.715078381588712,0.0,2.715078381588712,2.715078381588712,0.15851478644123135,0.0,0.15851478644123135,0.15851478644123135
link,td,0.16,0.16005616005616005,456,1,0.16005616005616005,0.0,0.22334593158771307,0.0,0.22334593158771307,0.22334593158771307,0.7766540684122869,0.0,0.7766540684122869,0.7766540684122869,0.3775906735751296,0.0,0.3775906735751296,0.3775906735751296,2.797165437097675,0.0,2.797165437097675,2.797165437097675,0.11041451855487575,0.0,0.11041451855487575,0.11041451855487575
link,td,0.18,0.18006318006318006,513,1,0.18006318006318006,0.0,0.1997375984080908,0.0,0.1997375984080908,0.1997375984080908,0.8002624015919092,0.0,0.8002624015919092,0.8002624015919092,0.23316062176165803,0.0,0.23316062176165803,0.23316062176165803,2.9302651422552892,0.0,2.9302651422552892,2.9302651422552892,0.051719834083988045,0.0,0.051719834083988045,0.051719834083988045
link,td,0.2,0.20007020007020007,570,1,0.20007020007020007,0.0,0.19249819627711573,0.0,0.19249819627711573,0.19249819627711573,0.8075018037228843,0.0,0.8075018037228843,0.8075018037228843,0.20660621761658032,0.0,0.20660621761658032,0.20660621761658032,2.9420113607138028,0.0,2.9420113607138028,2.9420113607138028,0.04851288379749813,0.0,0.04851288379749813,0.04851288379749813
link,td,0.22,0.22007722007722008,627,1,0.22007722007722008,0.0,0.18256576452373735,0.0,0.18256576452373735,0.18256576452373735,0.8174342354762627,0.0,0.8174342354762627,0.8174342354762627,0.12823834196891193,0.0,0.12823834196891193,0.12823834196891193,2.976257580437267,0.0,2.976257580437267,2.976257580437267,0.036520476306740074,0.0,0.036520476306740074,0.036520476306740074
link,td,0.24,0.2400842400842401,684,1,0.2400842400842401,0.0,0.17620577959067377,0.0,0.17620577959067377,0.17620577959067377,0.8237942204093263,0.0,0.8237942204093263,0.8237942204093263,0.10362694300518135,0.0,0.10362694300518135,0.10362694300518135,2.993954072487673,0.0,2.993954072487673,2.993954072487673,0.029974855269778392,0.0,0.029974855269778392,0.029974855269778392
link,td,0.26,0.2600912600912601,741,1,0.2600912600912601,0.0,0.17201753031796704,0.0,0.17201753031796704,0.17201753031796704,0.8279824696820329,0.0,0.8279824696820329,0.8279824696820329,0.07253886010362694,0.0,0.07253886010362694,0.07253886010362694,3.0148035492754834,0.0,3.0148035492754834,3.0148035492754834,0.022219601903998427,0.0,0.022219601903998427,0.022219601903998427
link,td,0.28,0.2800982800982801,798,1,0.2800982800982801,0.0,0.16961463531220072,0.0,0.16961463531220072,0.16961463531220072,0.8303853646877992,0.0,0.8303853646877992,0.8303853646877992,0.05634715025906736,0.0,0.05634715025906736,0.05634715025906736,3.0277382185315114,0.0,3.0277382185315114,3.0277382185315114,0.017287372231111025,0.0,0.017287372231111025,0.017287372231111025
link,td,0.3,0.3001053001053001,855,1,0.3001053001053001,0.0,0.16763012040948994,0.0,0.16763012040948994,0.16763012040948994,0.8323698795905101,0.0,0.8323698795905101,0.8323698795905101,0.04598445595854922,0.0,0.04598445595854922,0.04598445595854922,3.0326840873041094,0.0,3.0326840873041094,3.0326840873041094,0.015620124031714692,0.0,0.015620124031714692,0.015620124031714692
link,td,0.32,0.3201123201123201,912,1,0.3201123201123201,0.0,0.16395105352768585,0.0,0.16395105352768585,0.16395105352768585,0.8360489464723142,0.0,0.8360489464723142,0.8360489464723142,0.019430051813471502,0.0,0.019430051813471502,0.019430051813471502,3.045935633048231,0.0,3.045935633048231,3.045935633048231,0.01118911774099868,0.0,0.01118911774099868,0.01118911774099868
link,td,0.34,0.34011934011934014,969,1,0.34011934011934014,0.0,0.16292413045275994,0.0,0.16292413045275994,0.16292413045275994,0.83707586954724,0.0,0.83707586954724,0.83707586954724,0.01683937823834197,0.0,0.01683937823834197,0.01683937823834197,3.0477149616140826,0.0,3.0477149616140826,3.0477149616140826,0.010614234652866263,0.0,0.010614234652866263,0.010614234652866263
link,td,0.36,0.3601263601263601,1026,1,0.3601263601263601,0.0,0.15892078723827782,0.0,0.15892078723827782,0.15892078723827782,0.8410792127617222,0.0,0.8410792127617222,0.8410792127617222,0.01489637305699482,0.0,0.01489637305699482,0.01489637305699482,3.051886969063733,0.0,3.051886969063733,3.051886969063733,0.009247813805945948,0.0,0.009247813805945948,0.009247813805945948
link,td,0.38,0.38013338013338016,1083,1,0.38013338013338016,0.0,0.15772176477339964,0.0,0.15772176477339964,0.15772176477339964,0.8422782352266004,0.0,0.8422782352266004,0.8422782352266004,0.014248704663212436,0.0,0.014248704663212436,0.014248704663212436,3.053563350481014,0.0,3.053563350481014,3.053563350481014,0.008693039696211788,0.0,0.008693039696211788,0.008693039696211788
link,td,0.4,0.40014040014040014,1140,1,0.40014040014040014,0.0,0.155813659022981,0.0,0.155813659022981,0.155813659022981,0.844186340977019,0.0,0.844186340977019,0.844186340977019,0.011658031088082903,0.0,0.011658031088082903,0.011658031088082903,3.0571773301415015,0.0,3.0571773301415015,3.0571773301415015,0.007467987043070083,0.0,0.007467987043070083,0.007467987043070083
node,lscc,0.0,0.0,0,1,0.0,0.0,1.0,0.0,1.0,1.0,0.0,0.0,0.0,0.0,1.0,0.0,1.0,1.0,0.0,0.0,0.0,0.0,1.0,0.0,1.0,1.0
node,lscc,0.02,0.020196191575302943,35,1,0.041067041067041066,0.020196191575302943,0.8627039021319882,0.0,0.8627039021319882,0.8627039021319882,0.13729609786801178,0.0,0.13729609786801178,0.13729609786801178,0.822538860103627,0.0,0.822538860103627,0.822538860103627,0.6354558627301813,0.0,0.6354558627301813,0.6354558627301813,0.8056447819320347,0.0,0.8056447819320347,0.8056447819320347
node,lscc,0.04,0.03981534910559723,69,1,0.0716040716040716,0.03981534910559723,0.769083096640576,0.0,0.769083096640576,0.769083096640576,0.23091690335942405,0.0,0.23091690335942405,0.23091690335942405,0.7305699481865285,0.0,0.7305699481865285,0.7305699481865285,1.085404344541351,0.0,1.085404344541351,1.085404344541351,0.663681294483466,0.0,0.663681294483466,0.663681294483466
node,lscc,0.06,0.06001154068090017,104,1,0.10565110565110565,0.06001154068090017,0.6884113251251963,0.0,0.6884113251251963,0.6884113251251963,0.3115886748748037,0.0,0.3115886748748037,0.3115886748748037,0.6748704663212436,0.0,0.6748704663212436,0.6748704663212436,1.4143538430621754,0.0,1.4143538430621754,1.4143538430621754,0.586175037505923,0.0,0.586175037505923,0.586175037505923
node,lscc,0.08,0.08020773225620312,139,1,0.14426114426114425,0.08020773225620312,0.5562436644726326,0.0,0.5562436644726326,0.5562436644726326,0.4437563355273674,0.0,0.4437563355273674,0.4437563355273674,0.6062176165803109,0.0,0.6062176165803109,0.6062176165803109,1.7047595261243726,0.0,1.7047595261243726,1.7047595261243726,0.5006496197041252,0.0,0.5006496197041252,0.5006496197041252
node,lscc,0.1,0.0998268897864974,173,1,0.17725517725517725,0.0998268897864974,0.46790177835370916,0.0,0.46790177835370916,0.46790177835370916,0.5320982216462908,0.0,0.5320982216462908,0.5320982216462908,0.4967616580310881,0.0,0.4967616580310881,0.4967616580310881,2.074423192220875,0.0,2.074423192220875,2.074423192220875,0.3767600832396468,0.0,0.3767600832396468,0.3767600832396468
node,lscc,0.12,0.12002308136180034,208,1,0.21095121095121094,0.12002308136180034,0.4355398066630712,0.0,0.4355398066630712,0.4355398066630712,0.5644601933369289,0.0,0.5644601933369289,0.5644601933369289,0.4410621761658031,0.0,0.4410621761658031,0.4410621761658031,2.256837523651185,0.0,2.256837523651185,2.256837523651185,0.31896381480662334,0.0,0.31896381480662334,0.31896381480662334
node,lscc,0.14,0.1402192729371033,243,1,0.24113724113724114,0.1402192729371033,0.38734100233230734,0.0,0.38734100233230734,0.38734100233230734,0.6126589976676926,0.0,0.6126589976676926,0.6126589976676926,0.2305699481865285,0.0,0.2305699481865285,0.2305699481865285,2.550852980400533,0.0,2.550852980400533,2.550852980400533,0.19219703928465942,0.0,0.19219703928465942,0.19219703928465942
node,lscc,0.16,0.15983843046739757,277,1,0.2751842751842752,0.15983843046739757,0.34958445556685835,0.0,0.34958445556685835,0.34958445556685835,0.6504155444331416,0.0,0.6504155444331416,0.6504155444331416,0.19818652849740934,0.0,0.19818652849740934,0.19818652849740934,2.6805149685382497,0.0,2.6805149685382497,2.6805149685382497,0.14646660409785878,0.0,0.14646660409785878,0.14646660409785878
node,lscc,0.18,0.18003462204270052,312,1,0.31133731133731135,0.18003462204270052,0.3037609868005061,0.0,0.3037609868005061,0.3037609868005061,0.6962390131994939,0.0,0.6962390131994939,0.6962390131994939,0.07901554404145078,0.0,0.07901554404145078,0.07901554404145078,2.889982076815747,0.0,2.889982076815747,2.889982076815747,0.06521260285647693,0.0,0.06521260285647693,0.06521260285647693
node,lscc,0.2,0.20023081361800346,347,1,0.34503334503334504,0.20023081361800346,0.29085094044275184,0.0,0.29085094044275184,0.29085094044275184,0.7091490595572482,0.0,0.7091490595572482,0.7091490595572482,0.0705958549222798,0.0,0.0705958549222798,0.0705958549222798,2.9566704361413727,0.0,2.9566704361413727,2.9566704361413727,0.040627289212121304,0.0,0.040627289212121304,0.040627289212121304
node,lscc,0.22,0.21984997114829774,381,1,0.36995436995437,0.21984997114829774,0.2732339454944857,0.0,0.2732339454944857,0.2732339454944857,0.7267660545055143,0.0,0.7267660545055143,0.7267660545055143,0.0705958549222798,0.0,0.0705958549222798,0.0705958549222798,2.9699974669789824,0.0,2.9699974669789824,2.9699974669789824,0.03626100957810762,0.0,0.03626100957810762,0.03626100957810762
node,lscc,0.24,0.2400461627236007,416,1,0.3990873990873991,0.2400461627236007,0.27061089999067256,0.0,0.27061089999067256,0.27061089999067256,0.7293891000093274,0.0,0.7293891000093274,0.7293891000093274,0.048575129533678756,0.0,0.048575129533678756,0.048575129533678756,2.977794677439059,0.0,2.977794677439059,2.977794677439059,0.03367165413911419,0.0,0.03367165413911419,0.03367165413911419
node,lscc,0.26,0.26024235429890363,451,1,0.43383643383643383,0.26024235429890363,0.26921198284550846,0.0,0.26921198284550846,0.26921198284550846,0.7307880171544916,0.0,0.7307880171544916,0.7307880171544916,0.04598445595854922,0.0,0.04598445595854922,0.04598445595854922,2.982163916443778,0.0,2.982163916443778,2.982163916443778,0.03222081853157666,0.0,0.03222081853157666,0.03222081853157666
node,lscc,0.28,0.27986151182919794,485,1,0.4650754650754651,0.27986151182919794,0.2655749832751805,0.0,0.2655749832751805,0.2655749832751805,0.7344250167248195,0.0,0.7344250167248195,0.7344250167248195,0.04404145077720207,0.0,0.04404145077720207,0.04404145077720207,2.9879057497546806,0.0,2.9879057497546806,2.9879057497546806,0.030204085742428638,0.0,0.030204085742428638,0.030204085742428638
node,lscc,0.3,0.3000577034045009,520,1,0.49526149526149527,0.3000577034045009,0.26355611314851024,0.0,0.26355611314851024,0.26355611314851024,0.7364438868514898,0.0,0.7364438868514898,0.7364438868514898,0.036917098445595854,0.0,0.036917098445595854,0.036917098445595854,2.9909651357502844,0.0,2.9909651357502844,2.9909651357502844,0.029198887902353712,0.0,0.029198887902353712,0.029198887902353712
node,lscc,0.32,0.32025389497980383,555,1,0.5240435240435241,0.32025389497980383,0.2575833447954833,0.0,0.2575833447954833,0.2575833447954833,0.7424166552045167,0.0,0.7424166552045167,0.7424166552045167,0.036917098445595854,0.0,0.036917098445595854,0.036917098445595854,2.9973907488542446,0.0,2.9973907488542446,2.9973907488542446,0.027081537323831874,0.0,0.027081537323831874,0.027081537323831874
node,lscc,0.34,0.3398730525100981,589,1,0.5531765531765532,0.3398730525100981,0.2428378988409139,0.0,0.2428378988409139,0.2428378988409139,0.7571621011590861,0.0,0.7571621011590861,0.7571621011590861,0.034974093264248704,0.0,0.034974093264248704,0.034974093264248704,3.0326109845421856,0.0,3.0326109845421856,3.0326109845421856,0.015442673636952923,0.0,0.015442673636952923,0.015442673636952923
node,lscc,0.36,0.36006924408540103,624,1,0.5795015795015795,0.36006924408540103,0.24179010894097008,0.0,0.24179010894097008,0.24179010894097008,0.7582098910590299,0.0,0.7582098910590299,0.7582098910590299,0.02979274611398964,0.0,0.02979274611398964,0.02979274611398964,3.033369608630294,0.0,3.033369608630294,3.033369608630294,0.015196373955511704,0.0,0.015196373955511704,0.015196373955511704
node,lscc,0.38,0.380265435660704,659,1,0.6065286065286065,0.380265435660704,0.2377493979305652,0.0,0.2377493979305652,0.2377493979305652,0.7622506020694348,0.0,0.7622506020694348,0.7622506020694348,0.01683937823834197,0.0,0.01683937823834197,0.01683937823834197,3.0399446638526513,0.0,3.0399446638526513,3.0399446638526513,0.013055770079726964,0.0,0.013055770079726964,0.013055770079726964
node,lscc,0.4,0.3998845931909983,693,1,0.6342576342576343,0.3998845931909983,0.23522651610949127,0.0,0.23522651610949127,0.23522651610949127,0.7647734838905087,0.0,0.7647734838905087,0.7647734838905087,0.01683937823834197,0.0,0.01683937823834197,0.01683937823834197,3.043755446954001,0.0,3.043755446954001,3.043755446954001,0.011818537201657384,0.0,0.011818537201657384,0.011818537201657384
node,od_eff,0.0,0.0,0,1,0.0,0.0,1.0,0.0,1.0,1.0,0.0,0.0,0.0,0.0,1.0,0.0,1.0,1.0,0.0,0.0,0.0,0.0,1.0,0.0,1.0,1.0
node,od_eff,0.02,0.020196191575302943,35,1,0.036504036504036504,0.020196191575302943,0.45636170901148193,0.0,0.45636170901148193,0.45636170901148193,0.543638290988518,0.0,0.543638290988518,0.543638290988518,0.944300518134715,0.0,0.944300518134715,0.944300518134715,1.034429662357582,0.0,1.034429662357582,1.034429662357582,0.6742361143211985,0.0,0.6742361143211985,0.6742361143211985
node,od_eff,0.04,0.03981534910559723,69,1,0.07932607932607932,0.03981534910559723,0.2554094929455515,0.0,0.2554094929455515,0.2554094929455515,0.7445905070544485,0.0,0.7445905070544485,0.7445905070544485,0.8309585492227979,0.0,0.8309585492227979,0.8309585492227979,1.882947839612146,0.0,1.882947839612146,1.882947839612146,0.399799706780553,0.0,0.399799706780553,0.399799706780553
node,od_eff,0.06,0.06001154068090017,104,1,0.11512811512811513,0.06001154068090017,0.2012390409733282,0.0,0.2012390409733282,0.2012390409733282,0.7987609590266718,0.0,0.7987609590266718,0.7987609590266718,0.8031088082901554,0.0,0.8031088082901554,0.8031088082901554,2.1382957706229466,0.0,2.1382957706229466,2.1382957706229466,0.3155983963586759,0.0,0.3155983963586759,0.3155983963586759
node,od_eff,0.08,0.08020773225620312,139,1,0.14917514917514918,0.08020773225620312,0.1405104635573685,0.0,0.1405104635573685,0.1405104635573685,0.8594895364426315,0.0,0.8594895364426315,0.8594895364426315,0.7610103626943006,0.0,0.7610103626943006,0.7610103626943006,2.421553811261931,0.0,2.421553811261931,2.421553811261931,0.22547151218789416,0.0,0.22547151218789416,0.22547151218789416
node,od_eff,0.1,0.0998268897864974,173,1,0.18041418041418042,0.0998268897864974,0.09476625863299208,0.0,0.09476625863299208,0.09476625863299208,0.905233741367008,0.0,0.905233741367008,0.905233741367008,0.719559585492228,0.0,0.719559585492228,0.719559585492228,2.5902902244091277,0.0,2.5902902244091277,2.5902902244091277,0.17560466883621337,0.0,0.17560466883621337,0.17560466883621337
node,od_eff,0.12,0.12002308136180034,208,1,0.21200421200421202,0.12002308136180034,0.06342559688629854,0.0,0.06342559688629854,0.06342559688629854,0.9365744031137014,0.0,0.9365744031137014,0.9365744031137014,0.5116580310880829,0.0,0.5116580310880829,0.5116580310880829,2.7581881879943513,0.0,2.7581881879943513,2.7581881879943513,0.11357976726753083,0.0,0.11357976726753083,0.11357976726753083
node,od_eff,0.14,0.1402192729371033,243,1,0.2435942435942436,0.1402192729371033,0.04710473650178059,0.0,0.04710473650178059,0.04710473650178059,0.9528952634982194,0.0,0.9528952634982194,0.9528952634982194,0.46632124352331605,0.0,0.46632124352331605,0.46632124352331605,2.8295786646054024,0.0,2.8295786646054024,2.8295786646054024,0.08735099917291259,0.0,0.08735099917291259,0.08735099917291259
node,od_eff,0.16,0.15983843046739757,277,1,0.2685152685152685,0.15983843046739757,0.039341255765591936,0.0,0.039341255765591936,0.039341255765591936,0.9606587442344081,0.0,0.9606587442344081,0.9606587442344081,0.44559585492227977,0.0,0.44559585492227977,0.44559585492227977,2.87184735721846,0.0,2.87184735721846,2.87184735721846,0.07754838506895398,0.0,0.07754838506895398,0.07754838506895398
node,od_eff,0.18,0.18003462204270052,312,1,0.28992628992628994,0.18003462204270052,0.032056864904507903,0.0,0.032056864904507903,0.032056864904507903,0.9679431350954921,0.0,0.9679431350954921,0.9679431350954921,0.4410621761658031,0.0,0.4410621761658031,0.4410621761658031,2.905658260039944,0.0,2.905658260039944,2.905658260039944,0.06591965897830364,0.0,0.06591965897830364,0.06591965897830364
node,od_eff,0.2,0.20023081361800346,347,1,0.31695331695331697,0.20023081361800346,0.021977009706845133,0.0,0.021977009706845133,0.021977009706845133,0.9780229902931549,0.0,0.9780229902931549,0.9780229902931549,0.4099740932642487,0.0,0.4099740932642487,0.4099740932642487,2.959778801477166,0.0,2.959778801477166,2.959778801477166,0.047476158872052886,0.0,0.047476158872052886,0.047476158872052886
node,od_eff,0.22,0.21984997114829774,381,1,0.34713934713934713,0.21984997114829774,0.01682398769211346,0.0,0.01682398769211346,0.01682398769211346,0.9831760123078865,0.0,0.9831760123078865,0.9831760123078865,0.38406735751295334,0.0,0.38406735751295334,0.38406735751295334,2.9914654147013873,0.0,2.9914654147013873,2.9914654147013873,0.03524212805414272,0.0,0.03524212805414272,0.03524212805414272
node,od_eff,0.24,0.2400461627236007,416,1,0.3783783783783784,0.2400461627236007,0.010606761011001846,0.0,0.010606761011001846,0.010606761011001846,0.9893932389889981,0.0,0.9893932389889981,0.9893932389889981,0.2772020725388601,0.0,0.2772020725388601,0.2772020725388601,3.0258928723250347,0.0,3.0258928723250347,3.0258928723250347,0.02164789509342903,0.0,0.02164789509342903,0.02164789509342903
node,od_eff,0.26,0.26024235429890363,451,1,0.4032994032994033,0.26024235429890363,0.00551705775590022,0.0,0.00551705775590022,0.00551705775590022,0.9944829422440998,0.0,0.9944829422440998,0.9944829422440998,0.16645077720207255,0.0,0.16645077720207255,0.16645077720207255,3.058699879766281,0.0,3.058699879766281,3.058699879766281,0.008287532980492791,0.0,0.008287532980492791,0.008287532980492791
node,od_eff,0.28,0.27986151182919794,485,1,0.42295542295542293,0.27986151182919794,0.004737090226811483,0.0,0.004737090226811483,0.004737090226811483,0.9952629097731885,0.0,0.9952629097731885,0.9952629097731885,0.1606217616580311,0.0,0.1606217616580311,0.1606217616580311,3.0620780578128697,0.0,3.0620780578128697,3.0620780578128697,0.006793107909373945,0.0,0.006793107909373945,0.006793107909373945
node,od_eff,0.3,0.3000577034045009,520,1,0.4485784485784486,0.3000577034045009,0.003724109221756856,0.0,0.003724109221756856,0.003724109221756856,0.9962758907782432,0.0,0.9962758907782432,0.9962758907782432,0.1360103626943005,0.0,0.1360103626943005,0.1360103626943005,3.066128210642219,0.0,3.066128210642219,3.066128210642219,0.005418973634087858,0.0,0.005418973634087858,0.005418973634087858
node,od_eff,0.32,0.32025389497980383,555,1,0.4756054756054756,0.32025389497980383,0.0029001512960050396,0.0,0.0029001512960050396,0.0029001512960050396,0.9970998487039949,0.0,0.9970998487039949,0.9970998487039949,0.11139896373056994,0.0,0.11139896373056994,0.11139896373056994,3.0708540459056186,0.0,3.0708540459056186,3.0708540459056186,0.0038304940011776954,0.0,0.0038304940011776954,0.0038304940011776954
node,od_eff,0.34,0.3398730525100981,589,1,0.4987714987714988,0.3398730525100981,0.001344204698644682,0.0,0.001344204698644682,0.001344204698644682,0.9986557953013553,0.0,0.9986557953013553,0.9986557953013553,0.09196891191709844,0.0,0.09196891191709844,0.09196891191709844,3.0780811433876454,0.0,3.0780811433876454,3.0780811433876454,0.0007755536548736862,0.0,0.0007755536548736862,0.0007755536548736862
node,od_eff,0.36,0.36006924408540103,624,1,0.5240435240435241,0.36006924408540103,0.0004651679684098175,0.0,0.0004651679684098175,0.0004651679684098175,0.9995348320315902,0.0,0.9995348320315902,0.9995348320315902,0.0900259067357513,0.0,0.0900259067357513,0.0900259067357513,3.078763194361233,0.0,3.078763194361233,3.078763194361233,0.0005364552556726566,0.0,0.0005364552556726566,0.0005364552556726566
node,od_eff,0.38,0.380265435660704,659,1,0.5475605475605475,0.380265435660704,0.0003837724309669678,0.0,0.0003837724309669678,0.0003837724309669678,0.999616227569033,0.0,0.999616227569033,0.999616227569033,0.07707253886010362,0.0,0.07707253886010362,0.07707253886010362,3.0792914026602554,0.0,3.0792914026602554,3.0792914026602554,0.00027969971061881206,0.0,0.00027969971061881206,0.00027969971061881206
node,od_eff,0.4,0.3998845931909983,693,1,0.5703755703755704,0.3998845931909983,0.0003837724309669678,0.0,0.0003837724309669678,0.0003837724309669678,0.999616227569033,0.0,0.999616227569033,0.999616227569033,0.07189119170984457,0.0,0.07189119170984457,0.07189119170984457,3.0792914026602554,0.0,3.0792914026602554,3.0792914026602554,0.00027969971061881206,0.0,0.00027969971061881206,0.00027969971061881206
node,odbc,0.0,0.0,0,1,0.0,0.0,1.0,0.0,1.0,1.0,0.0,0.0,0.0,0.0,1.0,0.0,1.0,1.0,0.0,0.0,0.0,0.0,1.0,0.0,1.0,1.0
node,odbc,0.02,0.020196191575302943,35,1,0.04317304317304317,0.020196191575302943,0.8118528758762205,0.0,0.8118528758762205,0.8118528758762205,0.18814712412377954,0.0,0.18814712412377954,0.18814712412377954,0.922279792746114,0.0,0.922279792746114,0.922279792746114,0.5934022244136999,0.0,0.5934022244136999,0.5934022244136999,0.8390642750482913,0.0,0.8390642750482913,0.8390642750482913
node,odbc,0.04,0.03981534910559723,69,1,0.07686907686907687,0.03981534910559723,0.7129969095976328,0.0,0.7129969095976328,0.7129969095976328,0.28700309040236716,0.0,0.28700309040236716,0.28700309040236716,0.8581606217616581,0.0,0.8581606217616581,0.8581606217616581,1.0911509834452888,0.0,1.0911509834452888,1.0911509834452888,0.6869359020730567,0.0,0.6869359020730567,0.6869359020730567
node,odbc,0.06,0.06001154068090017,104,1,0.11091611091611092,0.06001154068090017,0.6015944263844389,0.0,0.6015944263844389,0.6015944263844389,0.39840557361556106,0.0,0.39840557361556106,0.39840557361556106,0.7985751295336788,0.0,0.7985751295336788,0.7985751295336788,1.4632746143230482,0.0,1.4632746143230482,1.4632746143230482,0.5778931063764117,0.0,0.5778931063764117,0.5778931063764117
node,odbc,0.08,0.08020773225620312,139,1,0.14215514215514216,0.08020773225620312,0.4700142356430105,0.0,0.4700142356430105,0.4700142356430105,0.5299857643569895,0.0,0.5299857643569895,0.5299857643569895,0.7493523316062176,0.0,0.7493523316062176,0.7493523316062176,1.8266756403230104,0.0,1.8266756403230104,1.8266756403230104,0.4920902246531714,0.0,0.4920902246531714,0.4920902246531714
node,odbc,0.1,0.0998268897864974,173,1,0.17374517374517376,0.0998268897864974,0.43497897252706186,0.0,0.43497897252706186,0.43497897252706186,0.5650210274729381,0.0,0.5650210274729381,0.5650210274729381,0.6910621761658031,0.0,0.6910621761658031,0.6910621761658031,1.991208882554783,0.0,1.991208882554783,1.991208882554783,0.4409681726947987,0.0,0.4409681726947987,0.4409681726947987
node,odbc,0.12,0.12002308136180034,208,1,0.20252720252720252,0.12002308136180034,0.37702596407767824,0.0,0.37702596407767824,0.37702596407767824,0.6229740359223217,0.0,0.6229740359223217,0.6229740359223217,0.641839378238342,0.0,0.641839378238342,0.641839378238342,2.1921521389249805,0.0,2.1921521389249805,2.1921521389249805,0.36219625563513264,0.0,0.36219625563513264,0.36219625563513264
node,odbc,0.14,0.1402192729371033,243,1,0.2270972270972271,0.1402192729371033,0.35817787619362673,0.0,0.35817787619362673,0.35817787619362673,0.6418221238063733,0.0,0.6418221238063733,0.6418221238063733,0.6101036269430052,0.0,0.6101036269430052,0.6101036269430052,2.2848061717236074,0.0,2.2848061717236074,2.2848061717236074,0.3240581632314932,0.0,0.3240581632314932,0.3240581632314932
node,odbc,0.16,0.15983843046739757,277,1,0.25833625833625834,0.15983843046739757,0.2942046490067588,0.0,0.2942046490067588,0.2942046490067588,0.7057953509932412,0.0,0.7057953509932412,0.7057953509932412,0.34520725388601037,0.0,0.34520725388601037,0.34520725388601037,2.5613008584724004,0.0,2.5613008584724004,2.5613008584724004,0.20142727729760732,0.0,0.20142727729760732,0.20142727729760732
node,odbc,0.18,0.18003462204270052,312,1,0.28782028782028785,0.18003462204270052,0.21830756003494575,0.0,0.21830756003494575,0.21830756003494575,0.7816924399650542,0.0,0.7816924399650542,0.7816924399650542,0.3180051813471502,0.0,0.3180051813471502,0.3180051813471502,2.8101640306066815,0.0,2.8101640306066815,2.8101640306066815,0.10445821412737133,0.0,0.10445821412737133,0.10445821412737133
node,odbc,0.2,0.20023081361800346,347,1,0.31554931554931553,0.20023081361800346,0.1997731318734648,0.0,0.1997731318734648,0.1997731318734648,0.8002268681265352,0.0,0.8002268681265352,0.8002268681265352,0.17098445595854922,0.0,0.17098445595854922,0.17098445595854922,2.9127009404034303,0.0,2.9127009404034303,2.9127009404034303,0.0636141823390746,0.0,0.0636141823390746,0.0636141823390746
node,odbc,0.22,0.21984997114829774,381,1,0.3432783432783433,0.21984997114829774,0.18962735237324072,0.0,0.18962735237324072,0.18962735237324072,0.8103726476267593,0.0,0.8103726476267593,0.8103726476267593,0.16645077720207255,0.0,0.16645077720207255,0.16645077720207255,2.938515037853758,0.0,2.938515037853758,2.938515037853758,0.055086279238494414,0.0,0.055086279238494414,0.055086279238494414
node,odbc,0.24,0.2400461627236007,416,1,0.36644436644436645,0.2400461627236007,0.18137479840973644,0.0,0.18137479840973644,0.18137479840973644,0.8186252015902635,0.0,0.8186252015902635,0.8186252015902635,0.0900259067357513,0.0,0.0900259067357513,0.0900259067357513,2.9878141615342653,0.0,2.9878141615342653,2.9878141615342653,0.031859038210898166,0.0,0.031859038210898166,0.031859038210898166
node,odbc,0.26,0.26024235429890363,451,1,0.39241839241839244,0.26024235429890363,0.1771723419113986,0.0,0.1771723419113986,0.1771723419113986,0.8228276580886014,0.0,0.8228276580886014,0.8228276580886014,0.0900259067357513,0.0,0.0900259067357513,0.0900259067357513,3.0049448053554535,0.0,3.0049448053554535,3.0049448053554535,0.025998161698162894,0.0,0.025998161698162894,0.025998161698162894
node,odbc,0.28,0.27986151182919794,485,1,0.4155844155844156,0.27986151182919794,0.16910689534821643,0.0,0.16910689534821643,0.16910689534821643,0.8308931046517836,0.0,0.8308931046517836,0.8308931046517836,0.0783678756476684,0.0,0.0783678756476684,0.0783678756476684,3.0131325927847286,0.0,3.0131325927847286,3.0131325927847286,0.022785610083108577,0.0,0.022785610083108577,0.022785610083108577
node,odbc,0.3,0.3000577034045009,520,1,0.44155844155844154,0.3000577034045009,0.1630305254335619,0.0,0.1630305254335619,0.1630305254335619,0.8369694745664381,0.0,0.8369694745664381,0.8369694745664381,0.07512953367875648,0.0,0.07512953367875648,0.07512953367875648,3.0241585207884336,0.0,3.0241585207884336,3.0241585207884336,0.018861814877311398,0.0,0.018861814877311398,0.018861814877311398
node,odbc,0.32,0.32025389497980383,555,1,0.46367146367146367,0.32025389497980383,0.16216773177726815,0.0,0.16216773177726815,0.16216773177726815,0.8378322682227318,0.0,0.8378322682227318,0.8378322682227318,0.07512953367875648,0.0,0.07512953367875648,0.07512953367875648,3.0281693623740384,0.0,3.0281693623740384,3.0281693623740384,0.017153358231470142,0.0,0.017153358231470142,0.017153358231470142
node,odbc,0.34,0.3398730525100981,589,1,0.48964548964548965,0.3398730525100981,0.15470461471395797,0.0,0.15470461471395797,0.15470461471395797,0.8452953852860421,0.0,0.8452953852860421,0.8452953852860421,0.07512953367875648,0.0,0.07512953367875648,0.07512953367875648,3.0472871636283347,0.0,3.0472871636283347,3.0472871636283347,0.010782249073887971,0.0,0.010782249073887971,0.010782249073887971
node,odbc,0.36,0.36006924408540103,624,1,0.5149175149175149,0.36006924408540103,0.1332479781211289,0.0,0.1332479781211289,0.1332479781211289,0.8667520218788711,0.0,0.8667520218788711,0.8667520218788711,0.03756476683937824,0.0,0.03756476683937824,0.03756476683937824,3.052085492573927,0.0,3.052085492573927,3.052085492573927,0.009125490776206934,0.0,0.009125490776206934,0.009125490776206934
node,odbc,0.38,0.380265435660704,659,1,0.5366795366795367,0.380265435660704,0.13275783756665488,0.0,0.13275783756665488,0.13275783756665488,0.8672421624333451,0.0,0.8672421624333451,0.8672421624333451,0.03562176165803109,0.0,0.03562176165803109,0.03562176165803109,3.0534070204188453,0.0,3.0534070204188453,3.0534070204188453,0.008695510369736256,0.0,0.008695510369736256,0.008695510369736256
node,odbc,0.4,0.3998845931909983,693,1,0.5616005616005616,0.3998845931909983,0.1300144663981089,0.0,0.1300144663981089,0.1300144663981089,0.8699855336018911,0.0,0.8699855336018911,0.8699855336018911,0.030440414507772018,0.0,0.030440414507772018,0.030440414507772018,3.057415319275253,0.0,3.057415319275253,3.057415319275253,0.007378368748026248,0.0,0.007378368748026248,0.007378368748026248
node,random,0.0,0.0,0,30,0.0,0.0,1.0,0.0,1.0,1.0,0.0,0.0,0.0,0.0,1.0,0.0,1.0,1.0,0.0,0.0,0.0,0.0,1.0,0.0,1.0,1.0
node,random,0.02,0.020196191575302943,35,30,0.03956943956943956,0.020196191575302943,0.8873326423819354,0.049216569930924756,0.7751894549373299,0.9398178739834705,0.11266735761806457,0.049216569930924756,0.060182126016529544,0.22481054506267006,0.9406735751295336,0.012085209526527056,0.9207253886010363,0.9598607512953369,0.3185886453223476,0.08619541769527997,0.18463364753998437,0.48193667936447,0.9117659752320831,0.028562237502034533,0.8561939654593462,0.9561813626529182
node,random,0.04,0.03981534910559723,69,30,0.07769977769977769,0.03981534910559724,0.7855082691199367,0.05247517641310258,0.6734598203316197,0.8636234781258918,0.21449173088006335,0.05247517641310258,0.1363765218741082,0.3265401796683803,0.8760146804835924,0.02049355786943338,0.8403173575129533,0.9083387305699482,0.6428588763266505,0.12063874059800743,0.45549388776355254,0.896793805237682,0.8243222664599364,0.042104923443111175,0.7321288245016002,0.8874226820443719
node,random,0.06,0.06001154068090017,104,30,0.11611091611091612,0.06001154068090016,0.6826182315645056,0.05509848701704703,0.5900227771343746,0.7714364846404423,0.3173817684354942,0.05509848701704704,0.22856351535955766,0.4099772228656254,0.7855785837651122,0.03507442205555141,0.7194462435233161,0.837613341968912,1.038232969095396,0.14496842874450147,0.7989123276287711,1.258638057248953,0.7104278600983448,0.050361419998687595,0.6246896150029239,0.7955179418823071
node,random,0.08,0.08020773225620312,139,30,0.15442845442845446,0.08020773225620309,0.5847021548101698,0.05360333464199352,0.5029426574127562,0.6747027826516847,0.41529784518983015,0.05360333464199352,0.3252972173483153,0.49705734258724377,0.6977763385146807,0.041286609916484814,0.6238503886010364,0.7611075129533679,1.413825793491179,0.15822781537787411,1.171622237096009,1.7191207217593019,0.6023259347974325,0.056800569428989346,0.4901096334470782,0.6954288704432822
node,random,0.1,0.0998268897864974,173,30,0.19005499005499005,0.09982688978649742,0.5026912469958371,0.05357500070949632,0.4150145191195176,0.595028489278388,0.49730875300416294,0.053575000709496313,0.40497151072161197,0.5849854808804824,0.5879101899827288,0.07797530742718455,0.3851198186528498,0.6876781088082901,1.7933375320185945,0.16527710738459542,1.5114357528852431,2.101263371854392,0.4879746365307562,0.06563371714348835,0.35517480760378123,0.5914529487136143
node,random,0.12,0.12002308136180034,208,30,0.22595062595062596,0.12002308136180032,0.425147949962688,0.05608697975667452,0.3469248014045815,0.5156792561911837,0.5748520500373121,0.05608697975667452,0.4843207438088163,0.6530751985954185,0.44555267702936086,0.10806997082419355,0.20864637305699482,0.6017810880829015,2.133813781149911,0.17844480298262258,1.7944621712484365,2.3591133063527763,0.37014590781773565,0.07550300173864931,0.26581315391473304,0.5228409249010317
node,random,0.14,0.1402192729371033,243,30,0.2610623610623611,0.1402192729371033,0.35022801844699025,0.07014250943438004,0.2202943863316147,0.46487138857064175,0.6497719815530097,0.07014250943438005,0.5351286114293582,0.7797056136683853,0.31712003454231447,0.11269384914310247,0.1164669689119171,0.46648316062176165,2.4297741959267714,0.14577148872184442,2.171243517110571,2.604886522123778,0.26143799378568533,0.06575160298158073,0.18211970400996927,0.38446511866279137
node,random,0.16,0.15983843046739757,277,30,0.29465309465309464,0.15983843046739754,0.28780985667215586,0.07166595142314415,0.1759999123997202,0.4064021781251363,0.7121901433278441,0.07166595142314415,0.5935978218748638,0.8240000876002798,0.17929620034542318,0.08648672310059549,0.0854598445595855,0.35029145077720203,2.6683021598493277,0.09694437930471875,2.4641179212920488,2.792335124197829,0.15942713399090638,0.04375148301914942,0.09973403851513223,0.25239593690307066
node,random,0.18,0.18003462204270052,312,30,0.3285714285714285,0.1800346220427006,0.24320852100889892,0.06716558909157104,0.12354303510785383,0.35224844962536805,0.7567914789911011,0.06716558909157104,0.6477515503746318,0.8764569648921462,0.11113989637305698,0.06001256864225513,0.040430699481865284,0.25239637305699475,2.8267175053741673,0.08307310755427966,2.6551350430487526,2.9311052117225143,0.09418731886742208,0.034317351670376736,0.05422469078586933,0.16736398891925144
node,random,0.2,0.20023081361800346,347,30,0.3613782613782614,0.2002308136180035,0.21778509767326704,0.06748640605473842,0.10738307809030462,0.3202805630870682,0.7822149023267329,0.06748640605473843,0.6797194369129318,0.8926169219096953,0.07001295336787565,0.02538864091729684,0.03290155440414508,0.11794041450777203,2.9130439170487614,0.0523601469489345,2.8006766324674826,2.9820887078534883,0.05945868688296475,0.019480797429301668,0.03348604444278804,0.09836326183532583
node,random,0.22,0.21984997114829774,381,30,0.39220779220779217,0.21984997114829774,0.1889687438867008,0.06575484225595093,0.066548139198054,0.30709307122954266,0.8110312561132993,0.06575484225595095,0.6929069287704572,0.933451860801946,0.05060449050086356,0.020700760708345464,0.02425518134715026,0.09305375647668392,2.9672148556732125,0.04393464354359223,2.8479243165501003,3.0155849235172028,0.039532566093720446,0.016158456189257868,0.022162777039306043,0.08092098489804643
node,random,0.24,0.2400461627236007,416,30,0.42290862290862297,0.24004616272360063,0.17032462415160016,0.07016199188896842,0.053441205318331124,0.28496950249396913,0.8296753758483998,0.07016199188896842,0.7150304975060309,0.9465587946816688,0.03931347150259067,0.014833756504158024,0.018069948186528496,0.06713082901554404,2.9972418774385075,0.03357838408301322,2.916674853841241,3.0394723724771375,0.02814735802111718,0.011609211522242199,0.013254493548609627,0.05599733600353059
node,random,0.26,0.26024235429890363,451,30,0.4533169533169534,0.2602423542989037,0.1562757566715321,0.06737383315207975,0.05058033012889501,0.26955347524497636,0.8437242433284681,0.06737383315207975,0.7304465247550237,0.949419669871105,0.03337651122625216,0.014274804062020844,0.015835492227979274,0.06442681347150259,3.016309469182339,0.025902776473810174,2.9592829844711557,3.045170601141827,0.02146931715390951,0.008966179512106784,0.011506205042685801,0.04376640402928898
node,random,0.28,0.27986151182919794,485,30,0.4824031824031823,0.27986151182919794,0.14733851337349585,0.06621966755096081,0.0452420649354069,0.2622740401476418,0.8526614866265042,0.06621966755096081,0.7377259598523582,0.954757935064593,0.02741796200345423,0.011681994178297654,0.013244818652849741,0.05701101036269429,3.027663005504979,0.023047281552945754,2.9738174433699602,3.0526653076353685,0.017389229022304546,0.007716395627464611,0.009035969926512637,0.036063722983457544
node,random,0.3,0.3000577034045009,520,30,0.5107406107406107,0.30005770340450094,0.13998234128193382,0.06660803712813561,0.03920301247279787,0.2611568950237938,0.8600176587180661,0.06660803712813561,0.7388431049762062,0.9607969875272021,0.021696891191709845,0.008685637100851424,0.010006476683937823,0.03902202072538857,3.0365156455022553,0.022976387301768906,2.981399757868859,3.062297708797149,0.014386411413311791,0.007592717711826294,0.005946402809743203,0.032635739889255715
node,random,0.32,0.32025389497980383,555,30,0.5381888381888383,0.3202538949798038,0.13107917875709815,0.06217710067532283,0.03850191982886881,0.23117495889407644,0.8689208212429017,0.06217710067532282,0.7688250411059235,0.9614980801711311,0.01863126079447323,0.0059181229681162534,0.010006476683937823,0.029209844559585488,3.042583036682156,0.021824134972655305,2.9850819229922254,3.0641878205140385,0.012356088702635683,0.007215619948746295,0.005228014515980482,0.031384265019558384
node,random,0.34,0.3398730525100981,589,30,0.5641511641511641,0.33987305251009814,0.12643218959743532,0.06272694319956343,0.036713750854225555,0.2265037607765288,0.8735678104025644,0.06272694319956341,0.7734962392234711,0.9632862491457744,0.01545768566493955,0.004418092311670633,0.009536917098445596,0.024789507772020724,3.046377509708122,0.01796013063183824,3.0048305293883857,3.064642343221833,0.011074222469802815,0.005934516967199558,0.005079801574106356,0.024764985138583585
node,random,0.36,0.36006924408540103,624,30,0.5908388908388909,0.3600692440854012,0.11497332057375548,0.061289753311403905,0.03451890773482876,0.22114797482978302,0.8850266794262445,0.06128975331140389,0.778852025170217,0.9654810922651712,0.012715889464594126,0.0036019846442788407,0.007772020725388601,0.020433937823834198,3.0517992331262613,0.014398080641036953,3.023491467645237,3.0700948361336757,0.009253637794263945,0.00473824854845731,0.00330364264764691,0.018488656401612735
node,random,0.38,0.380265435660704,659,30,0.6166608166608167,0.38026543566070387,0.11074621698612648,0.06075714887149514,0.030939057307282858,0.20981020849329127,0.8892537830138735,0.06075714887149513,0.7901897915067086,0.9690609426927171,0.011614853195164077,0.0034854501646762086,0.00741580310880829,0.020433937823834198,3.0541179280027615,0.013735280439889853,3.0294762414092,3.072185809621778,0.008493103010408122,0.004532956600108653,0.0025658610689362434,0.016544245204059824
node,random,0.4,0.3998845931909983,693,30,0.641113841113841,0.3998845931909984,0.09327054701380175,0.061402010741343785,0.01502147890054807,0.20649486283939916,0.9067294529861984,0.06140201074134378,0.7935051371606009,0.9849785210994519,0.01023316062176166,0.003454045316884583,0.005650906735751296,0.018021373056994815,3.0581164596994683,0.013526854911309614,3.030275775162329,3.0731354785997143,0.007175971745015187,0.004447713989088773,0.0022580010804241256,0.016283516819893006
node,td,0.0,0.0,0,1,0.0,0.0,1.0,0.0,1.0,1.0,0.0,0.0,0.0,0.0,1.0,0.0,1.0,1.0,0.0,0.0,0.0,0.0,1.0,0.0,1.0,1.0
node,td,0.02,0.020196191575302943,35,1,0.04633204633204633,0.020196191575302943,0.5511958334470409,0.0,0.5511958334470409,0.5511958334470409,0.44880416655295907,0.0,0.44880416655295907,0.44880416655295907,0.9145077720207253,0.0,0.9145077720207253,0.9145077720207253,1.423695994904612,0.0,1.423695994904612,1.423695994904612,0.5435374631527838,0.0,0.5435374631527838,0.5435374631527838
node,td,0.04,0.03981534910559723,69,1,0.08037908037908038,0.03981534910559723,0.4051656525401011,0.0,0.4051656525401011,0.4051656525401011,0.5948343474598989,0.0,0.5948343474598989,0.5948343474598989,0.8620466321243524,0.0,0.8620466321243524,0.8620466321243524,1.9565828917863235,0.0,1.9565828917863235,1.9565828917863235,0.3737954512771905,0.0,0.3737954512771905,0.3737954512771905
node,td,0.06,0.06001154068090017,104,1,0.11372411372411373,0.06001154068090017,0.3422387927745163,0.0,0.3422387927745163,0.3422387927745163,0.6577612072254837,0.0,0.6577612072254837,0.6577612072254837,0.8115284974093264,0.0,0.8115284974093264,0.8115284974093264,2.2030047822419663,0.0,2.2030047822419663,2.2030047822419663,0.2956788989350242,0.0,0.2956788989350242,0.2956788989350242
node,td,0.08,0.08020773225620312,139,1,0.14777114777114778,0.08020773225620312,0.28884936599322303,0.0,0.28884936599322303,0.28884936599322303,0.711150634006777,0.0,0.711150634006777,0.711150634006777,0.76360103626943,0.0,0.76360103626943,0.76360103626943,2.4725134550498042,0.0,2.4725134550498042,2.4725134550498042,0.20694540078763526,0.0,0.20694540078763526,0.20694540078763526
node,td,0.1,0.0998268897864974,173,1,0.1755001755001755,0.0998268897864974,0.24849990379101136,0.0,0.24849990379101136,0.24849990379101136,0.7515000962089886,0.0,0.7515000962089886,0.7515000962089886,0.727979274611399,0.0,0.727979274611399,0.727979274611399,2.654477727471393,0.0,2.654477727471393,2.654477727471393,0.14883582312729762,0.0,0.14883582312729762,0.14883582312729762
node,td,0.12,0.12002308136180034,208,1,0.20393120393120392,0.12002308136180034,0.2068222740382183,0.0,0.2068222740382183,0.2068222740382183,0.7931777259617817,0.0,0.7931777259617817,0.7931777259617817,0.7053108808290156,0.0,0.7053108808290156,0.7053108808290156,2.748506801476388,0.0,2.748506801476388,2.748506801476388,0.11777371155489505,0.0,0.11777371155489505,0.11777371155489505
node,td,0.14,0.1402192729371033,243,1,0.2313092313092313,0.1402192729371033,0.1812250939723528,0.0,0.1812250939723528,0.1812250939723528,0.8187749060276472,0.0,0.8187749060276472,0.8187749060276472,0.6509067357512954,0.0,0.6509067357512954,0.6509067357512954,2.850671368008513,0.0,2.850671368008513,2.850671368008513,0.08221861279662585,0.0,0.08221861279662585,0.08221861279662585
node,td,0.16,0.15983843046739757,277,1,0.2569322569322569,0.15983843046739757,0.16845192792822145,0.0,0.16845192792822145,0.16845192792822145,0.8315480720717785,0.0,0.8315480720717785,0.8315480720717785,0.5770725388601036,0.0,0.5770725388601036,0.5770725388601036,2.901155139213823,0.0,2.901155139213823,2.901155139213823,0.06545644386304708,0.0,0.06545644386304708,0.06545644386304708
node,td,0.18,0.18003462204270052,312,1,0.28957528957528955,0.18003462204270052,0.14959905331172607,0.0,0.14959905331172607,0.14959905331172607,0.8504009466882739,0.0,0.8504009466882739,0.8504009466882739,0.4119170984455959,0.0,0.4119170984455959,0.4119170984455959,2.996787575940952,0.0,2.996787575940952,2.996787575940952,0.032006159963991705,0.0,0.032006159963991705,0.032006159963991705
node,td,0.2,0.20023081361800346,347,1,0.3166023166023166,0.20023081361800346,0.14608000607796523,0.0,0.14608000607796523,0.14608000607796523,0.8539199939220348,0.0,0.8539199939220348,0.8539199939220348,0.39831606217616583,0.0,0.39831606217616583,0.39831606217616583,3.0086372969602753,0.0,3.0086372969602753,3.0086372969602753,0.02704076539097489,0.0,0.02704076539097489,0.02704076539097489
node,td,0.22,0.21984997114829774,381,1,0.33906633906633904,0.21984997114829774,0.14388709538563885,0.0,0.14388709538563885,0.14388709538563885,0.8561129046143612,0.0,0.8561129046143612,0.8561129046143612,0.3775906735751296,0.0,0.3775906735751296,0.3775906735751296,3.0176482363423305,0.0,3.0176482363423305,3.0176482363423305,0.02343607833564535,0.0,0.02343607833564535,0.02343607833564535
node,td,0.24,0.2400461627236007,416,1,0.3703053703053703,0.2400461627236007,0.13989714968561306,0.0,0.13989714968561306,0.13989714968561306,0.8601028503143869,0.0,0.8601028503143869,0.8601028503143869,0.20854922279792748,0.0,0.20854922279792748,0.20854922279792748,3.032154521750789,0.0,3.032154521750789,3.032154521750789,0.016927421634805196,0.0,0.016927421634805196,0.016927421634805196
node,td,0.26,0.26024235429890363,451,1,0.3990873990873991,0.26024235429890363,0.13544090065735076,0.0,0.13544090065735076,0.13544090065735076,0.8645590993426493,0.0,0.8645590993426493,0.8645590993426493,0.16256476683937826,0.0,0.16256476683937826,0.16256476683937826,3.046231350980669,0.0,3.046231350980669,3.046231350980669,0.01170481860160291,0.0,0.01170481860160291,0.01170481860160291
node,td,0.28,0.27986151182919794,485,1,0.42892242892242893,0.27986151182919794,0.13434262600659902,0.0,0.13434262600659902,0.13434262600659902,0.865657373993401,0.0,0.865657373993401,0.865657373993401,0.15544041450777202,0.0,0.15544041450777202,0.15544041450777202,3.04999972041903,0.0,3.04999972041903,3.04999972041903,0.010268817835726245,0.0,0.010268817835726245,0.010268817835726245
node,td,0.3,0.3000577034045009,520,1,0.45103545103545106,0.3000577034045009,0.13313404078888802,0.0,0.13313404078888802,0.13313404078888802,0.866865959211112,0.0,0.866865959211112,0.866865959211112,0.1534974093264249,0.0,0.1534974093264249,0.1534974093264249,3.0544243364661945,0.0,3.0544243364661945,3.0544243364661945,0.008495758532218695,0.0,0.008495758532218695,0.008495758532218695
node,td,0.32,0.32025389497980383,555,1,0.4742014742014742,0.32025389497980383,0.12793350615673893,0.0,0.12793350615673893,0.12793350615673893,0.8720664938432611,0.0,0.8720664938432611,0.8720664938432611,0.14443005181347152,0.0,0.14443005181347152,0.14443005181347152,3.060801196859158,0.0,3.060801196859158,3.060801196859158,0.006459572510265447,0.0,0.006459572510265447,0.006459572510265447
node,td,0.34,0.3398730525100981,589,1,0.4987714987714988,0.3398730525100981,0.04648651880300595,0.0,0.04648651880300595,0.04648651880300595,0.9535134811969941,0.0,0.9535134811969941,0.9535134811969941,0.1094559585492228,0.0,0.1094559585492228,0.1094559585492228,3.0733322349403744,0.0,3.0733322349403744,3.0733322349403744,0.0022505178941662667,0.0,0.0022505178941662667,0.0022505178941662667
node,td,0.36,0.36006924408540103,624,1,0.5247455247455247,0.36006924408540103,0.0019025217407571795,0.0,0.0019025217407571795,0.0019025217407571795,0.9980974782592428,0.0,0.9980974782592428,0.9980974782592428,0.06411917098445596,0.0,0.06411917098445596,0.06411917098445596,3.0773336736306733,0.0,3.0773336736306733,3.0773336736306733,0.000947749477156749,0.0,0.000947749477156749,0.000947749477156749
node,td,0.38,0.380265435660704,659,1,0.5454545454545454,0.380265435660704,0.0014633016324870067,0.0,0.0014633016324870067,0.0014633016324870067,0.998536698367513,0.0,0.998536698367513,0.998536698367513,0.06411917098445596,0.0,0.06411917098445596,0.06411917098445596,3.078618770968649,0.0,3.078618770968649,3.078618770968649,0.0004924319475848902,0.0,0.0004924319475848902,0.0004924319475848902
node,td,0.4,0.3998845931909983,693,1,0.5686205686205686,0.3998845931909983,0.0011819305643608721,0.0,0.0011819305643608721,0.0011819305643608721,0.9988180694356391,0.0,0.9988180694356391,0.9988180694356391,0.042098445595854926,0.0,0.042098445595854926,0.042098445595854926,3.0793200659396995,0.0,3.0793200659396995,3.0793200659396995,0.0002562750568698272,0.0,0.0002562750568698272,0.0002562750568698272
