tpusb,rep_lon,rep_lat,area_m2
113002,114.1463369911784,22.287489497550183,10251.48549985776
113003,114.14976599288065,22.287172979603078,29504.63192347207
113004,114.15099194872857,22.28718268270425,7721.9903360216
113005,114.14616688784076,22.287039765649727,26759.49133764724
113006,114.14764735421869,22.287299918151728,7201.69575883636
113007,114.14876828127277,22.287102614352406,10799.49243130886
113008,114.15079058065216,22.28645078040396,7570.142066972807
113009,114.14639992059541,22.285692801500417,38039.637319657646
113010,114.1470303033123,22.285878867151105,5336.840085792043
113011,114.1477904262035,22.286169178802588,14602.017287571409
113012,114.14842264249731,22.286775695351878,7265.213231462101
113013,114.14960421252277,22.286081725553334,7870.60415836143
113014,114.15061542405243,22.28578235415432,6100.461858745469
113015,114.14865978727852,22.285462735702925,8030.201873895573
113016,114.149395410129,22.285744313603786,6425.506957507014
113017,114.15017400384147,22.285577173204153,3653.645560152064
113018,114.14410391581904,22.284778560000277,41989.944589509614
113019,114.14846320253685,22.285076259002903,10017.673712732125
113020,114.14984355033778,22.28490961910411,11295.247358470253
113021,114.1479472944759,22.284595784102645,15578.291862963404
113022,114.14943971555937,22.28429054920401,9784.48090711334
113023,114.15092587380255,22.284303454804643,10213.005733291573
113024,114.14731663449847,22.28398893625163,24881.797820120628
113025,114.1490613443921,22.283703571653916,6646.206856644085
113026,114.14931687874193,22.288939532953034,36936.608857171894
113028,114.14429190915641,22.287439545748967,11216.298512574547
114003,114.15201654592676,22.286897727555214,9572.170509821757
114004,114.15298256018673,22.286628391556125,5662.203939667768
114005,114.15383641263534,22.28632024945696,7390.670312709561
114006,114.15458309395814,22.28584944495776,6894.299277672028
114007,114.1555595570712,22.28524146095834,11374.979750994287
114008,114.15157703529025,22.286229502455086,6673.244660768119
114009,114.15266675899284,22.28619910315596,8394.319377315174
114010,114.15212263788976,22.285905883705666,2198.141257483262
114014,114.15118494021887,22.28546172875471,6736.089224767927
114015,114.15176805298759,22.28552074050563,3813.490249970558
114016,114.15226788725917,22.285394380406263,4391.666296680626
114017,114.15082604935151,22.284921980454975,4018.9925009018407
114018,114.15186786747111,22.284921195306097,5275.461264929571
114019,114.15233786966152,22.284620270405533,12471.265789246281
114020,114.15383168356212,22.284258764257952,6846.759995177463
114021,114.15225081845968,22.28397303455709,8086.651297546412
114022,114.1533933628352,22.28389376715749,5943.622201938904
114023,114.15063182542673,22.283797868255803,8959.763607083163
114024,114.15181343257355,22.283365075805904,7920.486323969701
114025,114.15290191882264,22.28341317990725,5330.748325385643
114026,114.1537244985487,22.283464041957927,3051.6894259159803
114027,114.15003101021432,22.283128915054192,14066.284050545893
114028,114.15115510887267,22.282783029556022,9712.611665031185
114029,114.15222860278148,22.282934502756852,4698.089019668702
114031,114.15319226881059,22.282945984457456,2864.130186211856
114032,114.15317520186386,22.285394380406263,11838.276537441692
114033,114.15399037786239,22.28514385075754,9585.821035042192
114034,114.15482761333777,22.284819082658906,17985.97604623958
115001,114.14433796874107,22.2884048264482,9792.89212303256
115002,114.14538153575259,22.288235123949146,9279.447573516472
115003,114.14655214820468,22.28814655805014,12657.090495337574
115004,114.14745808591388,22.287967391001196,5312.21125166763
115006,114.14787090910946,22.289093488300903,15753.34300769509
115007,114.14558972491355,22.289128968597467,74207.43744147902
121002,114.1561793385674,22.284578387959193,4739.663651016418
121003,114.15657983339136,22.28413446416007,6210.535385595482
121004,114.15705426808489,22.283558505261148,7546.242820083353
121005,114.15530299301018,22.283943760208714,6761.44608106171
121006,114.15568927359004,22.283700646159488,4308.825987606757
121007,114.1558392289123,22.283425289309744,3440.0370601123977
121008,114.15608885682099,22.283233613909992,4284.206676800746
121009,114.15631105056258,22.28296116951029,4486.240534647616
121017,114.1520040582005,22.28839536015363,50681.99713970816
121019,114.15923104834437,22.286315708359048,158490.1746679936
121020,114.15814467542077,22.285376463660945,60051.948613078974
121021,114.15830986663164,22.28355261476235,32528.200952114534
122009,114.15398331832145,22.28300643110827,5002.519438291497
122010,114.15436112100667,22.28350122390828,2130.197678407365
122011,114.15464296620354,22.28369708265859,2297.7753627631773
122013,114.15482672487104,22.282933226959056,3278.3611958525835
122014,114.15514743564506,22.28315139240948,3769.18374720805
123001,114.16129394849347,22.28448902286543,179742.9442782355
123002,114.15775525406589,22.282735610962064,11649.738879314113
124001,114.16472500002638,22.281736368915837,156741.70115840976
124016,114.16950085408658,22.282630651922187,35206.43812022177
134006,114.17294021624707,22.282775343575576,141008.46955924554
135005,114.18097121496928,22.282465955929787,55769.28046713483
135006,114.17634744041439,22.282729982875765,42299.79395005876
141010,114.14332636053206,22.28378192924982,21652.063255047582
141011,114.14362369666009,22.284176663549502,25123.173536470338
141013,114.14396674075387,22.283019575249405,14138.277060662827
142002,114.14693559234266,22.282844223303556,36752.453210074425
142003,114.1496926467093,22.282741595204335,17429.435415781314
146040,114.18543665765537,22.2829689910341,24108.798337490545
147001,114.19024109694443,22.285460206638234,27920.951471319975
147002,114.1888214733526,22.28240215898584,219415.2435075616
147003,114.18273951486361,22.283027797933084,17414.060589952114
147004,114.18255520341697,22.28412222633133,25700.324867748852
147005,114.18837703311101,22.287453151135605,2976.4748473941354
151002,114.18991929903699,22.287145000236233,19667.53046513594
151003,114.19119430985774,22.287559356187806,23471.708123520668
151004,114.19194254173132,22.288448014487972,4854.466210550956
151005,114.19236711877207,22.288226247288684,4782.9155629884535
151006,114.19026933916228,22.286492846237337,4657.237777736824
151007,114.19083481660893,22.286696904388005,4996.259444877646
151008,114.19102341145575,22.28611656718843,9978.703747598545
151009,114.191698770255,22.286532282738744,5078.789763973246
151010,114.192038586064,22.287152510288596,2656.9183090463475
151011,114.1926254638272,22.287683531139102,12063.550549232366
151012,114.19327736828401,22.28844966658936,3805.9120101019184
151013,114.19357374298826,22.289018581189232,3240.7478392138632
151014,114.1941155863669,22.289382632589714,5885.168036048605
151015,114.19475005299941,22.290038563940364,7443.287637715879
151017,114.19241022012397,22.286538304939782,5754.700670887401
151018,114.1924360340839,22.28607855783998,6344.4304732608925
151019,114.19439240417792,22.288011268840478,48636.106866878756
151021,114.19317577293597,22.285207956240477,45849.52555048896
151022,114.1913128599586,22.28567775373851,4963.9986916729695
151023,114.19178235842351,22.28559804078932,2498.6146116323116
151024,114.19246261987696,22.28559804078932,6202.28467829338
151025,114.19128894809393,22.285033201488666,4000.5963069272525
151026,114.19225127658271,22.285025279940292,7358.424084824825
151027,114.19138530530944,22.284498972288993,3712.361411640745
151028,114.19220946105146,22.2844959960399,6926.6086083951795
151029,114.19145249383902,22.283371234889728,7367.493003090091
151030,114.19199643426353,22.283918947539966,3699.1074932748916
151031,114.19243086530292,22.28352861824046,3298.774108931457
151032,114.19203856700742,22.283341266340244,4166.945985405573
151039,114.19264624682953,22.289321891838497,19669.75905171053
151040,114.19061010212417,22.289190824786832,60058.52818077941
151041,114.19386768830698,22.29066994453903,44881.02532726314
151043,114.19149358526343,22.28885328393728,8051.266671387854
152001,114.19629490987349,22.28634439164233,63363.62773752513
152002,114.20072689170846,22.287647624197085,45444.99945262306
152004,114.19406723108878,22.283253671341214,96888.46697471877
152005,114.19637143123063,22.283385783345032,246537.39931411765
152007,114.19834711811181,22.28426942194441,54984.80655156581
152008,114.20065436470395,22.284108801698608,244372.14991476788
153003,114.19914784582205,22.292864336092766,12998.220445923822
153004,114.20103242264459,22.293567836093544,22463.21685814354
153005,114.20198670352673,22.293248153694265,16659.46120426974
153007,114.19578233413941,22.291531987040315,6563.162274915743
153008,114.19749823945858,22.292042373740664,11097.053702752622
153009,114.19758365566946,22.291526355191838,14399.88062938728
153010,114.1993107082067,22.292161838543105,12668.746282400614
153012,114.20077038070022,22.292169347044272,7966.622772558821
153013,114.20214917608293,22.29248330769531,9003.912386169857
153015,114.19606908220894,22.290729746541338,13326.508256699592
153016,114.19827312351198,22.291241152041998,16756.47741478923
153017,114.19957061393126,22.291368430143557,10194.226938797858
153018,114.20090353096975,22.291623537494594,9505.206339949578
153019,114.20229058450622,22.291901582945655,10180.622440973431
153021,114.19628400213689,22.28999223054131,7823.776337290885
153022,114.19768098541999,22.290273888343187,14932.729246640574
153027,114.20103048732079,22.291102348344893,9349.491917479672
153028,114.20116059387354,22.2905827198452,4760.540199038006
153029,114.20246889094602,22.291168893496724,15384.326530945185
153033,114.19642015194137,22.28940147914165,5538.728829918547
153034,114.1978186069368,22.289693001392727,10995.925102598401
153037,114.19960458909293,22.289977262994128,5301.684176806995
153038,114.20021225827955,22.290461114594446,8101.291576414513
153039,114.20040554716743,22.289528133294954,3162.6675666234346
153040,114.20099129437787,22.29008528609483,10255.19100766225
153041,114.20237889751368,22.290087396147165,24032.516000748612
153043,114.19654963145769,22.288862061891543,5658.487153784419
153044,114.19727897848429,22.289231205592436,1445.4762729192855
153045,114.19732866454952,22.289018397542556,1560.3077987799577
153046,114.19783258084354,22.28929578569268,2285.930659598953
153047,114.19848765988169,22.28928408024378,5730.790605041974
153048,114.19725513936933,22.288773635392594,2446.820954767758
153049,114.19973891880869,22.289415481294064,8699.886229233978
153050,114.19968905053005,22.288693188396785,98352.55647543422
153051,114.19522091246671,22.290785027789916,4768.213683889616
153052,114.19604532583588,22.28831663319174,37182.54184491952
153053,114.19884823195864,22.28988545689343,5473.717957446134
153054,114.19905598020404,22.289885398143785,4187.417852090886
153055,114.19944957010688,22.290611243293746,7953.460551645217
153056,114.19637323108392,22.292283288340737,29278.02347934714
158001,114.22103036607348,22.27028836556267,5688517.436275401
211005,114.1693631381261,22.30484117776311,6647.898433320286
211006,114.16984116022167,22.30482144911351,5606.277892183625
211007,114.17035257066026,22.30456776921404,5215.936375868772
211008,114.1708479646904,22.30478995321443,5096.171273750952
211009,114.17137718245249,22.304811967464808,5728.565197762426
211010,114.16841136763355,22.303815580362482,6914.98115307072
211011,114.16893300161627,22.303653072013194,6595.302415024382
211012,114.16944524076638,22.30368639766361,6467.352726934581
211013,114.16993486470022,22.30371802186401,6036.990938080191
211014,114.17042127814912,22.3037485242644,6406.120229228348
211015,114.17089032685867,22.30377958476479,5598.76951670186
211016,114.17142983415994,22.30362213826556,7860.25333503202
211017,114.16852205283351,22.301860732063055,22125.51071725967
211018,114.17013464385764,22.3006554027638,174384.53576805987
211019,114.16893777978035,22.29901699811522,14389.027875713227
211020,114.16843322034505,22.29709260191364,76642.04530436343
211021,114.16699200729491,22.295076981115926,31417.13531762327
211022,114.17043857881174,22.297536690116697,23764.527159139896
211023,114.17130950961085,22.29758590796725,9690.598474727996
211024,114.17188029302129,22.29732527426828,11724.358627613996
211027,114.17085595624651,22.29545137666787,15180.622626781225
211028,114.17174299505223,22.295991835218416,10739.248536103045
211029,114.17181444673585,22.295152269268783,10390.655517645355
211030,114.16810237287888,22.304638481711706,29800.824114571937
211031,114.16887271086685,22.30452170151281,3751.9030030196445
211032,114.16983301588165,22.295730693566917,20183.96164167437
211033,114.16946376155923,22.29713327281611,19782.00264624389
211034,114.16782070149196,22.299917391613644,28362.470473149373
212001,114.17188626366615,22.304866038615028,7702.689211067633
212002,114.1727867016971,22.304650060516604,25583.12955708572
212003,114.17585462948071,22.30467211936857,174561.07164071724
212004,114.17261979294473,22.30367776256628,14065.693716689615
212005,114.17262956787009,22.303008079466544,12372.013793531445
212007,114.17607082765596,22.302674559118824,26061.48313802784
212008,114.17375210348499,22.301925275967914,19471.890597051457
212010,114.17606140266614,22.30193885436983,5500.065250172916
212011,114.17584966872928,22.30140604206984,11097.5786075103
212012,114.17438694972728,22.30071208446882,11616.938262984631
212013,114.17267424525636,22.300005989168273,12945.369745277425
212014,114.17381711469167,22.30011492841862,3551.239524874537
212015,114.17564738075308,22.30065255622013,9725.855170718827
212016,114.17282340114288,22.299195499868784,15607.526893063108
212017,114.1746950719257,22.299718155969472,26003.538512100447
212018,114.17291819820412,22.29858197606913,9402.343662102037
212019,114.17531740028664,22.299281586069746,16015.688889855144
212020,114.17265407040844,22.297943037268347,7164.472425903907
212021,114.17502939862945,22.302081647569253,12180.428880494821
212022,114.17336625595364,22.301011228719126,24806.08424411302
212023,114.1741825180493,22.302841264067958,16936.189192798676
212024,114.17236802293247,22.3018154871172,13434.720514354758
213003,114.18315140526487,22.30596782602349,42413.31342856164
213004,114.18657363514941,22.303075523227157,81104.80798283288
213005,114.18794967838349,22.302294666079135,23257.487954425273
213006,114.18480422540046,22.304846166976105,28095.166543241947
213010,114.18938192533037,22.301506297731226,69207.2791672387
214001,114.1749042319332,22.298245320120145,10740.285065110224
214002,114.17438486782682,22.2975591822702,6554.7834790203415
214004,114.17506789854312,22.297611682270578,9351.111543551138
214005,114.17296819262396,22.29634180436991,21987.456050602163
214006,114.17411976395462,22.297003041620027,3579.2048790762274
214007,114.17412962338274,22.29668676257016,2755.154438043128
214008,114.17502509662825,22.2968325972205,7549.9684683243495
214009,114.17446735559747,22.29594375577002,16241.977494871295
214010,114.17297512392018,22.295404873569662,12537.568988473706
214011,114.17442094827948,22.295444409570855,12350.392655929913
214013,114.17256905038954,22.29735745571859,6203.920595536003
214014,114.17362470555821,22.297480524019562,12441.677235115103
215001,114.17941384735717,22.30107019392348,32447.06127917803
215002,114.17963596728191,22.30438621287194,120004.66786951748
215003,114.18135400843204,22.302376531972715,218107.53666413837
215004,114.17740088021316,22.30170682687094,40222.10685709717
215005,114.17845696428697,22.300056623621415,42574.4212089451
215006,114.17948861510882,22.29890316372462,24836.696125026087
215007,114.17696035249716,22.29901684477155,63837.0659937425
215008,114.17683792497918,22.29706431887344,60938.120643198694
216001,114.17042352490068,22.2938301452681,65887.9890407571
216002,114.17418486165276,22.294384129871055,80915.27084979614
217001,114.18357748714375,22.301789950176676,63303.65473430438
217002,114.1847944872339,22.302517820126972,39959.77486463168
217003,114.18549156666758,22.300126011078476,55158.271472875414
220025,114.17043410814287,22.315028035710213,4170.802176904111
220026,114.17176268213316,22.31506656041038,37305.707113409415
220027,114.17059286369391,22.314260124910632,3450.667237751676
220028,114.17088645164978,22.313476460561176,7396.717553087459
220029,114.17153066403141,22.3136562584615,6698.750581593548
221001,114.16145385337981,22.32588059784845,7283.049246717799
221002,114.16286345723839,22.326017186099875,16748.36332845887
221003,114.16409249778245,22.32600746330098,3423.718639199327
221004,114.16515188782871,22.326060294451658,6401.108372951963
221005,114.16575065703194,22.326099016652336,3053.322330665358
221006,114.166960589522,22.325977073653355,8313.060587018866
221007,114.16767021986476,22.32589663695358,10077.018057835323
221008,114.16048366763982,22.324573506047095,26959.47760838274
221009,114.16276551528408,22.325239315599223,10416.604737642952
221010,114.16478169386573,22.3256536149515,7495.7376006362765
221011,114.16604847911682,22.325364165552674,6688.413317944554
221012,114.16638936535854,22.325778091852804,6962.6871254224125
221013,114.16714526604463,22.325125373003644,5538.752998199842
221014,114.16227563290397,22.324560554799497,6088.377782796154
221015,114.16327841986273,22.3243606913504,10757.837589269471
221016,114.16397067160263,22.32429895110107,12322.487225891347
221017,114.16457417264802,22.324485091101767,18613.38767999122
221018,114.16567401319476,22.324960580802507,7295.338118944192
221019,114.16697697630539,22.324645543053713,9035.66525777833
221020,114.16789948324794,22.32474988300419,8150.934293771361
221021,114.1611917546575,22.32366912149922,4290.176922886713
221022,114.1616614999051,22.323516158749896,5558.515550495311
221023,114.16219099491033,22.32406712504995,3583.2145350670326
221024,114.16317791512094,22.323826622900825,6613.706410933439
221025,114.16546908596167,22.324352447653,17946.87869150806
221026,114.1666903865982,22.32417836885365,8526.015081224541
221027,114.16283270306289,22.323440395300693,7075.115076144678
221028,114.16015061505972,22.32278863079867,3147.8903596836703
221029,114.16051122124577,22.322904505048804,2437.287416974483
221030,114.16083915613416,22.322739206599422,2592.2534696535213
221031,114.16146883475704,22.323042082499686,3596.129018330992
221032,114.1614749898001,22.322739250849807,3601.839946032363
221033,114.16241675066595,22.32304975460014,8453.718416207848
221034,114.1640454859901,22.32313985800215,6327.383389473584
221035,114.16500953644118,22.322861410252525,6397.581422914835
221036,114.16577228030329,22.323042996053303,13557.872086092908
221037,114.16653904788832,22.323161858453904,5803.643865460242
221038,114.16717383350024,22.323133979554783,7065.958765905458
221039,114.16773618553742,22.3231409351048,6418.458336723404
221040,114.16816553396598,22.323458797705154,7283.919526169978
221041,114.16008629374606,22.322002316498907,6920.4096672212745
221042,114.16115473407362,22.322237199949733,20058.541309689885
221043,114.16254907752281,22.322044151950983,16211.61432934952
221044,114.16336392940005,22.322325446301548,7195.51782285169
221045,114.16371459398582,22.32274878420168,6863.666442640962
221046,114.16492857753508,22.322378057302814,5924.5507321756195
221047,114.16324928212693,22.321775588401657,2882.379773770458
221048,114.16356208051319,22.32141055145206,3067.2191427268026
221049,114.16392478551222,22.321438532152463,2012.360603597461
221050,114.16417731886676,22.321691362802095,7033.415963804295
221051,114.16460457316273,22.32205039170269,6748.1748334701015
221052,114.16544892703108,22.32117252040387,4277.641922205522
221053,114.16601473501184,22.321935298053468,11412.840790819144
221054,114.16670648869433,22.322354394304355,5102.63440051596
221055,114.1671874288587,22.322369368304546,5248.093100990156
221058,114.16858850704139,22.322420048605814,3230.917109402519
221060,114.16007236817705,22.32065789879939,7156.896388241017
221062,114.16117435686596,22.320685921250316,11122.426140012358
221063,114.16232785697774,22.32110340355115,7042.252399149524
221064,114.16290858092381,22.320796421201738,6215.876124194796
221065,114.16341549059513,22.32070869510219,4936.266644288422
221066,114.16388858768386,22.320626894302627,5517.904007435274
221067,114.16440810941533,22.32049739555311,6634.676608142981
221068,114.16543593022098,22.320582152554174,8047.1501889121955
221069,114.1649347814332,22.320583249503805,5675.183355900445
221070,114.16616120830861,22.32117252040387,15469.76203419971
221071,114.16720229581044,22.32113170855522,13293.00292305859
221072,114.1679678142263,22.321270598205807,8633.286991127501
221073,114.16858218664328,22.32138210015629,8911.450005125374
221077,114.16244450264305,22.319399454951856,22895.699069361886
221078,114.1634050824874,22.319410220902252,16661.968572640213
221079,114.16463258771249,22.319364835904125,22565.05476770588
221080,114.16558942671887,22.319690218204393,9086.50171414736
221081,114.1661100216939,22.31990249245466,5359.079319293255
221082,114.16719620521562,22.32011801150559,3204.522884762918
221083,114.16763176402051,22.320285111855902,2896.783663940416
221084,114.16814918666623,22.320379681956297,4082.8202363066207
221085,114.16876420314021,22.320491755806774,4240.074694655484
221086,114.16156831844641,22.319331322700812,3935.8047565701013
221087,114.16141676418468,22.31880391275122,4631.282198054923
221088,114.1617757591666,22.31880448755136,4260.223110702241
221089,114.16658132339741,22.319462685904888,14316.137053956922
221090,114.16733332038503,22.319454420255948,5183.808326472601
221091,114.16778391924399,22.319536145906305,4736.402694560404
221092,114.16830186537243,22.319629870256705,6659.833695420238
221093,114.16891754536566,22.319741371057184,6882.625737504248
221094,114.16046829469295,22.32365798839818,11055.4928734321
221096,114.16795232346715,22.322420024955456,10732.412841991487
221097,114.16116843123721,22.32116255995014,9810.174744646474
221098,114.16006445474159,22.319917453199416,5730.023607896368
221099,114.16118072334001,22.319724736900678,15008.006853177862
222001,114.16832473703361,22.325883424004395,10113.94360902455
222002,114.16891960634021,22.32594698560488,7406.23319299441
222003,114.16945154507845,22.326008151505285,7265.114738289472
222004,114.17005748189604,22.32597078680608,7746.665959570324
222005,114.1720556658637,22.32597078680608,56586.96564655215
222006,114.16883732984567,22.324690409205267,15681.080881468339
222007,114.16969014091934,22.324845669105933,7209.563196190007
222008,114.17029401814249,22.324760561856717,8163.8730183059
222009,114.17138247759614,22.32483010090735,9568.361059429988
222010,114.17273798550723,22.325052725708364,7803.192429269109
222011,114.16875396011187,22.32376138915554,6706.736123547724
222012,114.16933599054491,22.323596513056145,8632.927582554275
222013,114.16897872093007,22.32265595230615,6626.002496006984
222014,114.16953261704944,22.322929460606503,7995.95404390463
222015,114.17005927452269,22.323155159506612,11044.891522181362
222016,114.17061838846908,22.323315421257526,13529.279154706282
222017,114.17150219820849,22.322094794458476,52971.28464379832
222018,114.172355662154,22.32227766115909,55075.05454197393
222019,114.16921420287298,22.321496991106777,9095.312314689745
222020,114.16980323097368,22.321603976707223,7639.48140091604
222021,114.17040419109412,22.321464575658034,7982.481949555019
222022,114.17087137704975,22.322049426607776,7788.98583044765
222023,114.16939530008719,22.320606637507254,4336.499971469126
222024,114.16998493214552,22.32071418630772,3704.8296796959858
222025,114.17054302146778,22.320816114708144,3936.8516577247847
222026,114.1711079993057,22.320918586658586,3840.1711976840434
222027,114.16954822114975,22.319855415407673,6980.703457356147
222028,114.17013854757147,22.319962391258116,5981.280591452937
222029,114.1707427481046,22.319868819908923,6385.709828526798
222030,114.17123253213003,22.320331814508673,5990.609799186324
222031,114.17394899858863,22.325769904409185,12093.624428865307
225006,114.17046256402105,22.312410286561217,6918.87343848901
225007,114.1686462133872,22.31159087590999,16588.197531842416
225008,114.16933005529816,22.31192174126044,2193.694008865075
225010,114.16942581126673,22.3114496112607,2447.054474341198
225011,114.16989937566379,22.311521792411064,2930.2963913840968
225012,114.1702862547405,22.31156874516148,1417.1049767887325
225013,114.17066493687202,22.31156874516148,5698.508427929521
225018,114.16952927388564,22.310940516110982,2720.2097697743793
225019,114.16999706443914,22.311017043611336,3166.468306509072
225020,114.17037811970191,22.311078752561635,1565.5921182163356
225021,114.16964635829842,22.310364535861282,3085.060668642614
225022,114.17010820651475,22.310443086061653,3580.127270357925
225023,114.17048504917122,22.310508248361934,1858.4911107141843
225024,114.17087258877649,22.310472118062492,3522.7315778332018
225025,114.16827792527243,22.309471983659968,10714.707446868033
225028,114.17024605687544,22.309856558911974,3532.9512994578886
225029,114.1708493899043,22.309857704412764,4407.765117328716
225032,114.17043664416559,22.30909180686217,6820.14609276263
225033,114.17101084241338,22.309016258212942,7418.107034498061
225034,114.1682126781663,22.308696798960284,8502.817431397152
225035,114.1689282347755,22.308615790311332,3710.1628967901834
225036,114.16936113846245,22.30849491311174,3399.165331554737
225037,114.16978617582308,22.308396155262134,3530.178456018763
225038,114.17021928264114,22.308301703862533,3517.95914426802
225039,114.17065228120086,22.308201029762934,3510.4663959573736
225040,114.17110527141443,22.308121899763307,3901.1478622922073
225041,114.16805624950527,22.308099868710798,5882.430477395915
225042,114.1687578309186,22.30796376716144,3222.575656410526
225043,114.16919493613777,22.307865579961835,2973.3884934045855
225044,114.16962217070842,22.30776908036224,3097.0387056165428
225045,114.17005908200329,22.307670331412638,3123.891150867874
225046,114.17049168803676,22.30757186121304,3036.420738158977
225047,114.17105924449592,22.30756326856375,5178.313474195351
225048,114.16601865789642,22.308127783159076,3520.6162335116346
225049,114.16697684333889,22.307901347859964,3897.7705082892858
225050,114.16593494573311,22.30781063665912,3557.4597456757856
225051,114.1668942786372,22.307590500260005,3862.721380065069
225052,114.16585152863291,22.307495484959166,3434.6787121658635
225053,114.1668102702385,22.30727412086005,3874.9274214709344
225054,114.16579429675264,22.307185839758844,2984.5277298446463
225055,114.16673009887216,22.3069717309601,3454.148058648876
225056,114.16749330050328,22.306854332610566,11739.479523945609
225057,114.16797330138661,22.306789484461415,10609.837958375145
225058,114.16859893065833,22.307356734811528,3425.529126444728
225059,114.16903411658629,22.30725769501194,3191.371563688901
225060,114.16946295085972,22.307160076112325,3332.0070487677413
225061,114.16990411656465,22.307059630462742,3384.8389887954218
225062,114.17033540047949,22.306960875313138,3179.1871929495455
225063,114.17076266716111,22.306863529163536,3343.9134028414023
225064,114.17122609992947,22.306778047864164,3311.872219043099
225065,114.16843684260601,22.30673812986163,3287.263468954428
225066,114.16887076081255,22.30663994336202,3084.074363807392
225067,114.16931050407983,22.30657732141262,3223.0246799713113
225068,114.16976861986842,22.306526264413023,3291.649687918706
225069,114.17014689902011,22.30622373536307,2976.370557386072
225070,114.17058129487864,22.306178320063438,3164.148451999615
225071,114.17118049005437,22.30624043696414,4650.11787811385
225073,114.16825892760508,22.306058329111526,3891.529855308887
225074,114.16891663107407,22.305925362862325,7548.953611711193
225075,114.16957887543444,22.305779012212938,3971.944268865938
225076,114.17000985459829,22.305687533413337,3460.888062537912
225077,114.17042582320272,22.30559063331372,3659.4151201824016
225078,114.1711279901867,22.305618949364344,7305.680142709078
225081,114.16983762840367,22.309344489762033,7296.854916004445
225082,114.16945502093864,22.309344063761387,1988.32345735521
225083,114.16909581271017,22.309350632361202,6523.467269026014
225084,114.16830629665338,22.310431621410146,21185.841137168827
225085,114.16928216346255,22.310328120011114,3908.135081651169
225086,114.16922047940992,22.31246187496015,3183.4354924461945
225087,114.16980115720625,22.312498007960315,8911.246984541673
225088,114.16791500479636,22.31208149290977,16058.769829705103
226001,114.17393184037431,22.314374537963392,52889.11642495672
226002,114.17101334425939,22.31203187051181,14233.795504540958
226003,114.17292235947227,22.3123409763646,97971.44252176951
226004,114.17478592257027,22.312815626115167,47732.63558994345
226005,114.17141276249752,22.31078197456233,4821.397014479674
226006,114.17186641652509,22.30924337341329,16317.827422307646
226007,114.17426018307549,22.30913739311565,149865.40981293353
226008,114.17719784071966,22.31003303831777,86073.27492476218
226009,114.17138917862414,22.30924337341329,5995.57852539093
226010,114.17182720983112,22.30814016006436,6107.953374035874
226011,114.17193747671934,22.307629047214242,5027.583359499435
226012,114.17197532672358,22.307260590964404,4840.551324661248
226013,114.17370291536554,22.306933235966785,21803.473520322364
226014,114.1756677752723,22.307319396666557,40188.791244077715
226015,114.1778882038098,22.30688029476869,52206.70129363777
226017,114.17202035143771,22.306833097014607,6241.097577457627
226018,114.17205859595265,22.30643772431478,5049.970175200491
226019,114.17204133925506,22.3057748680654,7438.479779223289
226020,114.17517423952874,22.314676567114528,22234.520157081686
226021,114.17995841575822,22.308163752320112,81752.6694449505
227001,114.1697423516482,22.318901278958194,7326.231273239131
227002,114.17033344853297,22.319008261308646,6357.760182949727
227003,114.17089454524333,22.319108677159072,6660.845203771134
227004,114.1714583658204,22.31921133880951,6424.370008726561
227005,114.17202605446076,22.319312823709947,6793.070360970422
227006,114.17256293179358,22.31942007446041,5655.996398047696
227007,114.16992724877137,22.317992863708675,6260.049205956573
227008,114.17051929300348,22.31809815225914,5491.102039823199
227009,114.17109903860015,22.318099290959864,5638.420900072695
227010,114.17167204680429,22.31814855661009,5577.685705641018
227011,114.17256488118649,22.318467344910747,12653.848105374815
227012,114.17014055184312,22.316944194709244,6967.336045210646
227013,114.17065930978836,22.31741295755951,6163.829905618333
227014,114.17123322491815,22.317461791259724,6257.720830330243
227015,114.17180538746206,22.31751189966043,6194.626184554265
227016,114.17243040779178,22.31737549166128,6629.187699360291
227017,114.17306669862953,22.31786513056138,4605.619220412002
227018,114.17321371194902,22.31740880726168,4911.789052635274
227019,114.17037948712351,22.315769097859892,9066.895369231243
227020,114.1709214773489,22.316128934060206,8125.119842467677
227021,114.17150626855303,22.316028781260968,7637.2209085405075
227022,114.17253288135252,22.316747859661078,11879.412595466973
227023,114.17236087721183,22.316106822961316,10571.13879117706
227024,114.17362793858754,22.316552632312607,8116.930110121784
227030,114.17359466188455,22.318301423261648,20537.668002380327
228025,114.16760421109038,22.313840969608805,20888.30476046277
228026,114.16831955192136,22.314614219608586,4495.09764802119
228027,114.16876732222826,22.314694384608938,4121.882621011768
228028,114.1692924964949,22.31478839115934,5952.127315443502
228029,114.16991246832389,22.31489904400982,5905.286825662444
228030,114.16847017393167,22.313881339208987,3551.9354064456243
228031,114.16891620501417,22.313960943809334,3302.628342382689
228032,114.16944270170347,22.31405465685974,4827.563435110343
228033,114.17006331817157,22.31416502931021,5207.584867507353
228034,114.16776299061597,22.31296896720874,13138.046516896993
228035,114.16862718235255,22.313117128459403,4783.089282618264
228036,114.16907200338645,22.313193631059747,4475.240789508207
228037,114.16960051199946,22.31328395996016,6569.32868813987
228038,114.17022836521916,22.313362423360655,6089.727707823177
229001,114.16650956083046,22.31851534580561,4749.737051347831
229002,114.16706215309509,22.318531224056258,3072.116941328704
229003,114.16681519451711,22.318058953956037,4687.170014520213
229004,114.16752395094377,22.318531224056258,5350.28293979041
229007,114.16911300026646,22.31878808785769,7223.238109819764
229008,114.16692845461407,22.317421173906855,10965.086988714413
229009,114.16771617800896,22.31758814400697,4604.934468646492
229010,114.16810997017026,22.317367358657386,616.0703212264631
229011,114.16895604218998,22.31745597805806,384.39232791693337
229012,114.16929476765748,22.317904751607905,6180.980925152123
229013,114.16711756626032,22.316387254306925,12587.230026216548
229014,114.16788777273278,22.31671380995744,5281.672730436636
229015,114.16834379931144,22.3167798663578,4748.989764598402
229016,114.16887363080872,22.316834076658225,6804.552308596423
229017,114.169503599331,22.31688885385873,6898.309481317762
229018,114.16730535016916,22.315429865257435,16943.024320241955
229019,114.1681100848157,22.31563297275804,6832.394070030521
229022,114.16963045203278,22.31627167785907,3759.3575734382425
229023,114.16913721108688,22.31554666925893,5198.107132870269
229024,114.16975671278547,22.315657606759405,5234.403774356691
229041,114.16901139931427,22.316161023958593,3757.95036483714
229042,114.16860531410074,22.315492190708685,6210.354407051725
229043,114.16790854518642,22.318922664006635,1509.3080655153271
229044,114.16838127565771,22.318151394557322,19741.458028885514
231001,114.17544292508936,22.326401897510227,13369.765583540699
231002,114.17734905968425,22.326180369810984,31961.605421378954
231003,114.1794019654528,22.32663245096341,23483.480893643333
231004,114.18114867390706,22.326707833464866,14494.799420745712
231005,114.18259597774846,22.32687522936601,9607.26727351763
231006,114.18384582303922,22.32692983656753,5826.0137424704435
231007,114.18516878773633,22.327069479518222,6942.839161899142
231008,114.17528360713585,22.325745651060366,21631.287433781185
232001,114.17405498490828,22.322424490111445,87558.70422470922
232002,114.17525820226317,22.323991889661364,20250.92602706569
232004,114.17608688181582,22.322284241013158,43967.89591795199
232005,114.17704762217443,22.32272964256289,4755.943752164947
232006,114.17722381360963,22.32303433871312,3538.791597829806
232007,114.17774984379714,22.32323905511297,52421.93999099433
232008,114.17799916538075,22.324179858162076,33171.60570109877
232009,114.17696666869301,22.321438538413492,9089.058638091521
232010,114.17526973112628,22.320721948313107,18027.18158755931
233001,114.18026789602825,22.325854297365662,23713.719894665854
233002,114.18315015465997,22.326322485016533,14216.968635861731
233003,114.18482625903759,22.326471361667632,14933.447568184109
233007,114.17868455366616,22.324579015863904,13508.798770151496
233010,114.17871518585349,22.32262916596434,19342.96527898131
233011,114.18149987311315,22.324173120666003,175367.61308749986
234001,114.17945078147318,22.321774145765282,16472.881489271123
234002,114.18105427274647,22.322587756866323,24298.394859439923
234003,114.18327222320954,22.323051498368024,21503.351268129107
234012,114.17972438524038,22.32131567371612,10882.290609234893
234013,114.17953840104744,22.320343209815388,14606.504147503996
234014,114.18119819314799,22.32119091341687,40538.089330223425
234015,114.18334304979064,22.32184103811852,49612.06630557504
234016,114.18476543850227,22.32094574587002,38085.661184142926
234021,114.17841386050401,22.31975257311409,65365.271343522814
234022,114.17765538797153,22.31924995606471,14410.189027171535
234023,114.17724442602648,22.318604838364045,14801.191999734378
234024,114.17815880958895,22.318031948216092,7573.446116193056
234025,114.17980570696744,22.318494483916133,47582.46911198055
234026,114.1817322320797,22.3200494004669,17399.83520506802
235001,114.1739106983504,22.319564744211448,17811.533564960122
235002,114.17487806561402,22.319178269012408,11191.203724088278
235003,114.17524887773217,22.31951078981272,4262.862411411962
235004,114.17608703718682,22.319852010312534,24330.174296976722
235005,114.17450525323179,22.318012755762943,13807.233947648543
235006,114.17489496773312,22.316223355863322,12816.093357023381
235007,114.17659610031018,22.31679168646616,82742.27592656425
235010,114.17663303900048,22.313519206365743,17425.672768925313
235012,114.17636433914684,22.315660108514944,25652.507225290887
235013,114.17608566632484,22.31341053491549,9543.994608043378
236008,114.17758883706463,22.312026836866785,68574.91134733237
236009,114.17910658572961,22.312177855518485,56877.2508986824
236010,114.1808072463444,22.312064371620046,122127.63540686373
236011,114.18205855912782,22.312056452220652,20058.59475571087
236015,114.18306268841067,22.310505114523167,31917.78062235979
236019,114.18181969497418,22.308601577623207,37702.400290669786
236020,114.18370085795021,22.30937316507348,7668.45210139172
236021,114.1838493128108,22.309807770923435,3256.441784752606
236022,114.18424555653199,22.310056554423685,7203.777464688721
236023,114.17886559665581,22.314815734517317,35504.531391161334
236024,114.17947767333197,22.315967937816005,69241.66707684175
237001,114.18156422025194,22.318338083568168,72349.99611401017
237002,114.1830705059943,22.31941247096931,17122.778716075565
237003,114.18239797182964,22.315582874570072,80929.05144544246
237004,114.18429271215578,22.316726810072197,119240.38432870538
237005,114.18372082461804,22.312413707421115,83548.31004194295
241001,114.18810560352165,22.323959262471742,15385.315470831312
241002,114.18883162548724,22.32402049087233,6793.420168481849
241003,114.1893563773198,22.323788758922852,6352.80637821283
241004,114.18835413364104,22.32306865162228,7090.367338690125
241005,114.18892627039448,22.322921008922822,6307.8063343350395
241006,114.18781722978468,22.321834330172063,9651.536316944834
241007,114.18837261335878,22.321794763922767,7399.5148446137755
241008,114.18927553594452,22.32165100052415,16076.48298544675
241009,114.19007408060432,22.321293368124394,7677.263720497342
241010,114.1879829458411,22.320975421372502,7382.624901282266
241011,114.18869616796019,22.32048784437353,15827.196536631931
241012,114.18946434712751,22.32001878942436,8135.160003841978
241013,114.18593424092084,22.317525096621907,57483.53568332456
241014,114.18698517388424,22.31982954177283,6919.847504810576
241015,114.18821351648833,22.319483508473486,15958.685599862956
241016,114.18898742012883,22.319030254074047,7808.0447853728765
241017,114.18669420141974,22.317580856522937,19980.910101637983
241018,114.18726755132883,22.318646375373284,11004.11595245715
241019,114.18796957623941,22.318447670073745,8135.3127544623585
241020,114.18843979799018,22.31793258682427,7959.187373892662
241021,114.18727805203372,22.31758964777343,5430.485267070022
241022,114.18790858613215,22.31683500562449,13196.573797496387
241023,114.18728615535127,22.316768158424004,6238.620331034402
241024,114.18670585679158,22.31591936052333,5268.992741095915
241025,114.18729253087827,22.31590520082406,6040.021036888737
241026,114.18576390448418,22.31408954227271,33854.88258457792
241028,114.1872513041312,22.315221959324553,3629.0008416030773
241029,114.18719653975141,22.314685120724725,4516.301531077102
241031,114.18691322162238,22.313805942224867,9781.336775340056
241032,114.18648198176385,22.313112042874728,5279.259885065375
241033,114.18639134773758,22.314798753224125,11788.285257505222
242001,114.19043557481774,22.323308082023956,20341.232852491758
242002,114.19277029222317,22.32230953637521,38453.74824213717
242003,114.18967432824553,22.32246547107362,14002.426026218052
242004,114.19056079813049,22.322219043774737,6939.86687073618
242005,114.19106499701351,22.322144377574908,4289.857711366856
242006,114.1912646536374,22.321854640425187,3008.187074539225
242007,114.19150415177091,22.321750771675426,3067.233511541839
242008,114.19174051500158,22.321647182125666,2932.6721930360636
242009,114.19197396352216,22.3215464154759,2992.389436179755
242010,114.19221193139077,22.32144338207612,3044.6310155426263
242011,114.19244812289196,22.321338092926375,2965.7262000257524
242012,114.19267866348572,22.321240147426604,2878.4269013007042
242013,114.19291421837566,22.32113740572683,3107.077290479296
242014,114.19315208514391,22.321031552327085,2946.0569164307367
242015,114.19338503595723,22.320931912677317,2965.0917610752713
242016,114.19375681847704,22.320949967777796,4570.837453579403
242018,114.19167570522367,22.320476171127293,44844.677951607744
242028,114.19197736176204,22.319172408877254,10053.551890359746
242030,114.18947729430393,22.31865274537516,5256.601250759892
242032,114.18993067283641,22.318255479275408,2001.478387665224
242034,114.19110370025388,22.318225230375898,9390.79512046258
242037,114.19224779689003,22.317792183377527,25683.291412739498
242038,114.18899842788991,22.31770359992454,9084.640171277484
242039,114.1895989990633,22.317598268025378,9583.96035911696
242040,114.18987759351813,22.316903728325915,11081.608475660665
242041,114.19085664270727,22.31677114347674,27438.49953308445
242043,114.1885823242738,22.316884107724498,4887.056378538837
242044,114.18818930056949,22.316087470124458,7052.478991110043
242045,114.18887893958862,22.315951927825466,12149.637927179996
242046,114.18976358589035,22.31539486667549,23801.805091741124
242048,114.19139361563958,22.316120123977427,13134.791523228378
242049,114.1879582766806,22.314956405974634,10760.913816002454
242050,114.18916397116544,22.314747738626053,11309.997836928404
242053,114.19047678775274,22.319310425424625,35131.66509550673
243001,114.18731672001927,22.313379238075015,8191.426263919261
243002,114.18704946597583,22.312581804874625,5518.7609474037245
243003,114.18592613516428,22.312250971774596,7292.923753551321
243004,114.185058788882,22.310979389324395,16282.442496896738
243005,114.1868591826149,22.311953232224894,5762.172855594383
243006,114.18733886065137,22.31172205242565,6756.917555816468
243007,114.18663409552094,22.311417894974948,6187.978660355242
243008,114.18620248792189,22.311164799624436,7402.242148316539
243009,114.18591650908704,22.31060407267432,7583.9297859453545
243010,114.18712420249747,22.310898870775738,5769.874685637658
243011,114.1865863450239,22.310187206275245,10873.663522474999
243013,114.18548441799149,22.309869721975296,10760.777838432483
243014,114.18600052085063,22.30934866402549,7646.382266953526
243015,114.18745986068984,22.310221090726216,2574.1835299426766
243019,114.184903789279,22.30911859152395,17997.01343470423
243020,114.18675731031071,22.309085099776627,6151.051685679946
243021,114.18694338790236,22.309692770126084,2217.452504109598
243023,114.18745185320402,22.309325413026535,3070.9915757012395
243024,114.18238289386346,22.30748899167308,12513.674478493544
243025,114.18263054130824,22.308012682823083,3374.9139717581706
243026,114.18315099268733,22.308186574373458,5255.422207115509
243027,114.1836146072049,22.30844583307377,4821.234054654229
243028,114.18392092703002,22.308898217123513,4408.290759508246
243029,114.18318286934581,22.307674294673678,2165.1081413192564
243030,114.18353638622976,22.30677488532431,9905.232757710368
243031,114.18360535816836,22.307414661124135,2354.2531997862757
243032,114.1838513768774,22.307755542024204,2585.9650872898637
243033,114.18413552000555,22.308135668924308,2893.259892601609
243034,114.18444128213034,22.30849514517443,2292.1055362136485
243035,114.18409011690153,22.307117189874653,2861.8527383282976
243036,114.18433212306157,22.307459212674722,3078.441360688786
243037,114.184608364003,22.307840738724806,3475.591797036301
243038,114.18488451868615,22.30822170452491,2940.5990782354816
243039,114.1850911241489,22.30754016682533,3005.375625857191
243040,114.18535893818594,22.307921417575407,2589.2841049471003
243041,114.1855255477195,22.307269506725795,2824.9955236064666
243042,114.18579198601448,22.307647084575883,2425.844975649964
243043,114.18604088527003,22.306949175076348,4098.261519066981
243044,114.18639949102419,22.307261834976536,4457.178135133896
243045,114.18650110610994,22.30808976117715,29458.20450115704
243046,114.18703612826766,22.30685880512722,2613.05176088292
243047,114.18777965747603,22.307516361627535,12378.966112243968
243049,114.18933654093908,22.307865275928776,31285.70942147979
243050,114.19096174371853,22.30776023042953,34411.890450183375
243051,114.18502224111485,22.31185848467382,11299.096910233871
244001,114.18875895645618,22.314407034075863,8195.231845003475
244002,114.18801946258279,22.314206103625324,3341.7387786525564
244003,114.18891160872415,22.313752169926595,5886.086907488106
244004,114.18980681356958,22.31407393047686,1636.964746702008
244005,114.18971360120723,22.313855983826866,1469.7656846941106
244006,114.18961050177316,22.313640440226862,1576.4814216529621
244007,114.18797552224419,22.313808000125345,6330.975977077751
244008,114.18950183869327,22.313341923477104,2543.7931627550433
244009,114.18850284986871,22.31323379157546,4791.848134621902
244010,114.18831651061168,22.313081024825976,1028.1427614921827
244011,114.1888053394546,22.313078508726512,1207.245859817574
244012,114.1892906285082,22.31310069537698,1134.4397576556396
244013,114.18777788466011,22.31273338287565,3604.2987702359605
244014,114.18824459117252,22.312682037025812,1365.9017708010047
244015,114.18824359338376,22.31288070982624,1354.5149400999983
244016,114.18880547615053,22.312882092226587,1140.7096692948417
244017,114.18933864494801,22.31290694312714,1131.1556354433558
244018,114.19051532378512,22.313345738228342,29569.28798500094
244019,114.18824594898534,22.312440756476406,1940.2604311024634
244020,114.18902748341806,22.312529032277183,5326.846447328317
244021,114.1879966154867,22.31208499712576,3788.710510506803
244023,114.18785098529767,22.31124527442638,8530.338114272545
244024,114.18821769383851,22.310990600076778,2066.444743799448
244027,114.19282595530436,22.30811829808078,70735.12166869282
244028,114.18886667687627,22.31148206857746,19246.856271060493
244029,114.18896181152817,22.309345498577645,71599.30619643198
244030,114.1906260804187,22.311600459077432,95173.23559926155
245001,114.18480173503127,22.3069774570253,6061.733258194303
245002,114.18430241695964,22.306286463725137,6546.534057777097
245004,114.18478710214796,22.30603588612564,3883.3116033950346
245006,114.18660611291065,22.306699961626784,4354.875735041447
245007,114.18617026801641,22.306121715176765,9576.749741626976
245008,114.18556144556004,22.30556796952646,12520.732320094361
245009,114.18842775826387,22.306281878778677,24825.4590014431
245010,114.18764338509939,22.3053352430775,27472.87106790329
245011,114.18683709639821,22.30477556682784,17168.203035535826
245012,114.18970549013902,22.30567133593074,24756.494210014414
245013,114.18905707271912,22.30464278192975,22448.296135417684
245014,114.18838135977406,22.30370120612954,16256.79259859697
245015,114.19004635759259,22.30276526633149,23043.232749124552
245016,114.19039188296159,22.30394904198085,32750.48678888985
245017,114.1912442042265,22.30459236398165,27285.75649068615
245018,114.19136454123355,22.30581116193068,30234.722910076558
245019,114.1926703602424,22.304125470933165,53543.62966913385
245020,114.18540267480583,22.30660322562595,6382.00551711345
246001,114.1851134974737,22.324203524418202,25074.677452823264
246002,114.18703947508575,22.324698736820842,21245.954811872118
246003,114.18772428244176,22.3259025968207,8617.12783457181
246004,114.18903322197905,22.326519790821507,13461.6509833989
246005,114.18817967555219,22.325608873571007,13262.360689461457
246006,114.18879469824967,22.325235067921838,8515.127265355946
246007,114.18990822330133,22.327362858321983,12154.650258489493
246008,114.18995712839799,22.32619813747276,17383.24159895373
246009,114.18925060739333,22.324729475322748,8788.674647246578
246010,114.18548256208919,22.32246034511936,68929.72221334423
246011,114.18688553239176,22.323323933320502,31741.984288087682
246012,114.18644414674935,22.32051225582166,24078.955123080807
246013,114.18606567100215,22.32589831956926,22705.548944279464
246014,114.18690567059679,22.326524452669766,16360.217907956767
246015,114.18821179312465,22.326987867721456,21204.919662615328
247003,114.19235810860445,22.315968589128282,50130.512899989386
247004,114.19252660382404,22.318742747177414,3442.2988511210156
247005,114.1934930471613,22.318176743429017,21953.642238174158
247006,114.19363503870241,22.319186613078934,14764.153835678568
247011,114.19412546772296,22.319683312179016,11302.787937398323
247012,114.19479141215957,22.321130300329035,23076.99808357259
247013,114.19459293751345,22.32008703777873,8697.684178788679
251001,114.15994972476516,22.30623451435414,29823.56306449281
251002,114.16215503858635,22.30517139010544,185778.8716016162
251003,114.16500646527612,22.30460970865951,86309.17150533602
251004,114.16685474459993,22.30462209566172,53906.2133390928
251005,114.15835959051779,22.304573773353958,1960.5016110443569
251007,114.1588378412767,22.303506131353895,83990.2681698465
252001,114.16129279766824,22.30997915990556,116367.64304603198
252002,114.16273454337448,22.308714109356096,52078.91818829446
252003,114.16606087134355,22.311563206356787,39522.27271064235
252004,114.16442208447448,22.309405023107928,98133.8741885795
252005,114.16631931444601,22.3102920660575,27061.17660398617
252007,114.16580430852471,22.309405023107928,13218.141383186763
252008,114.16702228015089,22.30940891055944,10834.364800489986
252009,114.1651789384036,22.307556990158403,45403.874883691315
252010,114.16321187889432,22.30758250735756,30087.449592419878
252011,114.16636780999482,22.306466472409987,2669.865834677529
253001,114.15876593042853,22.317107224549666,48609.78509960625
253002,114.16238275716991,22.3161230405518,109704.30370310252
253003,114.16390982717711,22.317330844404886,15134.300597789887
253004,114.16595831567057,22.31735982715592,44554.259972215135
253005,114.16481676324642,22.316088284205897,46612.92237888689
253006,114.16348545793733,22.31451508205518,15688.909980668897
253007,114.16552654255412,22.315237201555675,8075.934234198424
253008,114.16632337495894,22.31528032760662,8969.602202956481
253009,114.16092294195548,22.31339277940367,74902.22088665378
253010,114.16258591122201,22.313331354354247,47370.404340698486
253011,114.16378305598145,22.313570445454626,17410.130514163928
253012,114.16508308355961,22.312649804456598,11118.275956884696
253013,114.16659642439659,22.313543804657186,33678.244048994435
253014,114.16522115210088,22.314074640656173,31911.14927855364
254001,114.15271800761285,22.322121854792286,12456.150037819763
254002,114.15397810998223,22.323172938293414,21731.33984188767
254003,114.15487283773481,22.324314144343603,22456.088134586833
254004,114.15469199025358,22.32206521609436,13287.016616538927
254005,114.15577228177516,22.322840153994196,31547.681097279234
254006,114.15540765367825,22.320790658195826,7863.132478455962
254007,114.15605864924892,22.32161735629562,24691.251022673325
254008,114.15725960587113,22.32166874094608,12645.706564678352
254009,114.1550464734129,22.318325750345956,24945.398240125287
254010,114.15593292599945,22.31893193249722,50943.608082106766
254011,114.15744550478202,22.318840771547265,48500.31928332461
254012,114.15853201981324,22.319659625397808,69686.3640169189
254013,114.15861455697359,22.32440485809675,7587.66102268281
254014,114.15965196656822,22.3233395079478,12045.461203034318
254015,114.15903470705958,22.32124620194837,47390.04834547515
254016,114.16069223167344,22.318499537900177,22236.856798257297
255001,114.14803331626277,22.334569455432053,91037.8875397502
255002,114.14827467164142,22.33339826903475,25456.299376889303
255003,114.15056898495925,22.33303638213681,27411.44433948551
255004,114.15161187229292,22.332454320137913,8637.972703510464
255005,114.15287348642278,22.331241689389405,32449.657465309887
255006,114.15444030539405,22.330325886940614,8545.676407042922
255007,114.15702655518828,22.32821185949456,10795.649943009254
255008,114.14845008932699,22.33236668678591,26451.33864225371
255009,114.1502451850662,22.331311609537483,35252.43252218634
255010,114.15204980512064,22.330281009089077,40389.22910820531
255011,114.15488770055595,22.328508056490815,94532.87149559615
255012,114.15673158409706,22.327538827444037,6072.82545026369
255013,114.15605590562319,22.326771273593753,10290.156126432417
255014,114.14618663785711,22.332368452634654,131745.07374204582
255015,114.14980566127578,22.329701302135845,93209.7075909592
255016,114.1537671686331,22.327027316792666,74295.97355118596
255017,114.15558453705178,22.32522919379393,8397.694012067048
255018,114.15703341135787,22.323817809095452,72610.49730684518
255019,114.15843724838572,22.323407222197524,14331.254269923378
256001,114.15443838688851,22.3017381340516,129185.35906286626
256002,114.15556837474334,22.302229344851753,38273.6559364842
256003,114.15688239678772,22.302476555155557,35373.593054719146
256004,114.16001369728025,22.302224254605605,16648.08071037033
256005,114.1624489426781,22.302107815609723,30562.03469031064
256006,114.16494653617562,22.302107815609723,21628.459712963788
256007,114.16617561875347,22.302205795011407,11327.243625259904
256008,114.16730626537904,22.30243473806288,19404.26504547934
256009,114.16697572049875,22.301345180362404,19634.759621931327
256010,114.16489111776664,22.301305646361506,19693.662901394266
256011,114.1630260871713,22.3010172263092,28808.43304878616
256012,114.16035549068621,22.30078967990857,65781.43991148254
260009,114.1436318115698,22.33374148438073,126041.23446699325
260010,114.14102957216619,22.338517190177082,65350.42580341739
261010,114.14541634937049,22.337673988130817,10207.633233829572
261011,114.14685387401494,22.338190244931784,8588.810199943511
261019,114.14575307461264,22.336957773380576,18372.18645671152
261020,114.14784941952573,22.337724502682786,31242.728304435244
261021,114.15024921656754,22.338605398884432,27324.394116614785
262005,114.15987304967467,22.33850537294259,86174.5699751215
262006,114.16035361962881,22.337106308793516,6954.589087117253
262007,114.16159851746767,22.335949627245064,13445.161111121286
262008,114.16107128895376,22.340328744442942,80321.57066280309
262009,114.16210221156305,22.335642530445266,26070.778190669527
263004,114.16831566270992,22.33873258034847,56311.0922051144
263005,114.16365448375498,22.338046403746684,170505.26923475726
263008,114.16279282983908,22.335469439546166,8090.468735467754
263009,114.16331696549125,22.33439738919733,8162.474888975057
263010,114.16393302811385,22.333940834847418,16492.364722619226
263011,114.16624905647453,22.333879191950093,23377.12975221312
263012,114.16833054446903,22.333619087501514,19858.845910060132
263013,114.16524400600451,22.333083078299126,32276.26926985216
263014,114.16777305822097,22.332667803052217,30487.90599479952
263015,114.16960568560958,22.33243929305374,25503.855726954902
263016,114.16702358065493,22.331648873601942,29470.23055898944
263017,114.16625948239133,22.33483260669855,34430.04142705177
263018,114.16719892284135,22.335738551799757,75202.80537946345
263019,114.16697846429523,22.337655538250868,98661.33682377877
264001,114.14626105745302,22.336319304431136,22848.723536026147
264002,114.1487012829731,22.337161366333717,12454.855041951536
264003,114.15030669915002,22.336881318284664,25187.347028541575
264004,114.15360262180002,22.338309175587398,14997.85329293174
264009,114.1473710894212,22.336077189883003,9901.39779025077
264010,114.14892511115052,22.336610833184103,10117.02496984758
264011,114.15179002281396,22.336525890187353,58193.28331724027
264013,114.14597880712131,22.335523525582033,13742.682132898026
264014,114.14757264641526,22.335597761183337,9850.84165181619
264015,114.14947387863953,22.336363919234287,10410.51975474602
264017,114.15276617662184,22.335164531737256,23768.546628327047
264018,114.15363253226724,22.3357578304876,29916.359997856493
264019,114.1542702108271,22.336458094788647,20786.430037290498
264020,114.15547004853346,22.33719095069066,68986.50125332097
264024,114.1564754977012,22.337969082039933,7779.401853945559
264027,114.1572540226319,22.33665748834109,2468.977370605673
264028,114.15735871530975,22.337287942640927,7692.841857280342
264029,114.15775406994763,22.337732750291096,7288.107111515975
264033,114.1539186676483,22.332421919989855,57507.193936642434
264034,114.15486850467286,22.33370066818938,32404.36427032352
264035,114.15631254923055,22.33434751259113,22148.67838523761
264036,114.15538254610688,22.335056132190104,21906.541267212513
264037,114.1572391965179,22.335453153341522,17545.966491119456
264038,114.15786194682343,22.336142636691783,8021.669127483694
264039,114.15827510747258,22.336581127641967,8338.55034336553
264040,114.1586700842393,22.337025364092128,7933.05272713934
264041,114.15881995435856,22.335401010642872,8079.619975079729
264042,114.15921317524456,22.335838883243035,8143.994649584957
264043,114.15969820559376,22.336214612593302,8186.560694918862
264044,114.15997512388552,22.33672806414296,7541.945762597378
264045,114.15973184418306,22.334695311793897,7570.588675755853
264046,114.1600833894602,22.335164117293616,7543.6728611798935
264047,114.16052382026416,22.335573746994235,7597.443119066755
264048,114.1609108865175,22.33600345139439,7012.033259144792
264049,114.16064047853638,22.333992184094907,7405.575386230199
264050,114.16102523879269,22.334434070645074,7513.566993231978
264051,114.16141498531897,22.33488178994524,7732.35867362445
264052,114.16155448118533,22.333284745395943,7990.235415158837
264053,114.16194579615765,22.333724624796112,8105.632156678561
264054,114.16221037914846,22.334234719245757,8830.430892228324
264062,114.15246655268493,22.333132280438363,14338.768543184793
264063,114.15211576107767,22.333944009838323,22823.031125645084
264064,114.15149041716523,22.33455116353702,16185.608546705409
264066,114.1577030353036,22.33848793159077,13805.230779370104
264068,114.15086723289375,22.335118186185767,24043.497247736843
265003,114.15817859586843,22.334655923042597,18133.48189108295
265004,114.15912548063935,22.333995316793647,15046.058823377743
265005,114.15978870901105,22.333106320394073,8983.684968478134
265006,114.1602878046651,22.3335207620448,7932.482275412896
265007,114.16069682033401,22.332402546695093,9062.920693123673
265008,114.1611605704368,22.332844182195778,8147.61963435719
265009,114.15703632220679,22.32933011429362,2582.945182128219
265011,114.15753070715562,22.32880614154423,10713.00181684385
265018,114.1599121949877,22.331142070345315,26840.12385150252
265019,114.15835932832587,22.33316902829331,15460.556380933067
265020,114.15695030155229,22.33283223129254,64369.556662800205
265021,114.15872429705959,22.33133393569496,39222.830431649876
265022,114.15840339637342,22.329799972644594,8780.914219191507
265023,114.15800913276067,22.329321360694443,8373.545815599815
265024,114.1560591391271,22.330762526140905,72072.83238652544
266001,114.15852384234287,22.3281747789453,7373.246928430604
266002,114.15891633852219,22.328604100495475,7808.062679351652
266003,114.15938099852062,22.329049241796156,8621.950483147517
266004,114.15975455462066,22.329535460645822,7725.731793461131
266005,114.1600353313766,22.330027500495518,6856.701743455114
266006,114.1604843678937,22.33035196419614,7024.179381888673
266007,114.16084761362075,22.330755554996287,7110.606370125664
266008,114.16123289853836,22.331186233396462,7876.4620206283535
266009,114.16165773470976,22.331658405946644,8624.373229661269
266010,114.1620811070312,22.33213058239682,7774.39525662852
266011,114.16247686684184,22.332570569246986,7534.737104642291
266012,114.16297210445497,22.333029345997744,10044.45381174598
266014,114.15940457014422,22.327491130346296,7167.486998054407
266015,114.15979131348206,22.327915888446455,7216.5402439787285
266016,114.16019188871822,22.32840953049616,8441.19432973531
266017,114.16064088025897,22.328860231596828,7220.370562836685
266018,114.16101161583892,22.329272293496977,6478.575201253301
266019,114.16136750241,22.32966995669714,6687.716960612334
266020,114.1617294745604,22.330072137447292,6725.664361927741
266021,114.16211510932882,22.330502534347453,7563.357094745841
266022,114.16253991508387,22.330974984547638,8227.058118510506
266023,114.1629629969577,22.331447152847822,7503.275076474259
266024,114.1633591426704,22.33188799644799,7257.83081847032
266025,114.16367977720965,22.332401510248054,8280.691402098506
266026,114.16428788510476,22.332747326948443,6374.634428289271
266027,114.16031033212386,22.326800859997316,7114.169436392083
266028,114.16066595765872,22.327252298347453,7272.062067626948
266029,114.16108482241904,22.32772067449762,8532.429062662824
266030,114.16150891653278,22.3281991562478,7430.269033869474
266031,114.1618775292435,22.328603804697956,6396.611729500824
266032,114.1622295837173,22.32900184704811,6793.083972146651
266033,114.16259363938596,22.329409447398263,6809.5516670636825
266034,114.16297797222627,22.32983516939843,7538.143328839427
266035,114.16340062722875,22.330308176748602,8172.811831108974
266036,114.16382303326698,22.33078049724879,7485.654646537705
266037,114.16421933680166,22.331222209298957,7174.129039077164
266038,114.16461382842863,22.331547856849085,5987.739519880583
266039,114.16502433951979,22.33206421464934,9948.57898104882
266040,114.15752960741571,22.326176866945218,48528.72703040491
266041,114.16283637471513,22.3287401412988,12072.787512381488
266042,114.1593421648073,22.326584522296578,74099.19614002913
267003,114.16203541935946,22.32699430734869,7462.651322065984
267004,114.16245764270128,22.327460043548875,6579.121481231976
267005,114.16282430904987,22.327876174549033,5740.302703327582
267006,114.1631818937432,22.328262893849185,6250.384526029222
267007,114.1635502309583,22.32867738809934,6338.60514150217
267008,114.1639307618866,22.329106113999497,6718.918447566874
267009,114.16435057900276,22.32957222879968,7357.019136827326
267010,114.16477422854291,22.330043074899855,6853.770942620551
267011,114.16527270903217,22.330455697350573,6822.479629294239
267012,114.16541356836089,22.330816326100077,2759.9374971564357
267013,114.16561645416823,22.33107794850022,3993.793663268859
267014,114.16594064983036,22.331381254650346,7106.53688024187
267015,114.16269382226774,22.32670097119913,5106.231826390252
267016,114.16320773962508,22.326875721399723,6085.682001177046
267017,114.16357569398173,22.32728353709988,5471.2911290999855
267018,114.1639309904782,22.327677245600036,5582.375734711742
267019,114.16430631667077,22.32809663730019,5998.853454655944
267020,114.16469018910746,22.328525325150352,6089.072555990979
267021,114.16509580184527,22.32899466590052,6755.241886550448
267022,114.16551439711277,22.329469365800698,6201.45026321954
267023,114.16589064588428,22.32982920315083,7133.62129662819
267024,114.16651139237372,22.330496055950622,14632.675249628206
267025,114.16380971881757,22.326590160050138,2794.6121525634035
267026,114.16431702873527,22.32670818110072,6164.841988484199
267027,114.16467141597582,22.327105268450865,5863.956567677397
267028,114.1652411272486,22.327741970551113,12638.433812091773
267029,114.16584339080323,22.32841563155136,7171.978069889072
267030,114.16629160474207,22.32881950140154,6716.311695900686
267031,114.16686834792901,22.329708213701736,6626.095014517469
267032,114.1652696725741,22.326813781201295,4191.777632596961
267033,114.16587780276822,22.326855324301974,7023.775219580979
267034,114.16627790714756,22.327295871802157,8741.416866660828
267035,114.1666960914677,22.327749125702322,8327.245987811333
267036,114.16687515717835,22.328152603952482,3111.1908809043034
267037,114.16744080286446,22.328537579803143,19099.732955413256
267038,114.16702162755485,22.326929293902687,6448.611886573293
267039,114.1673387429135,22.327107275453084,3586.2741907944337
267040,114.16788087183703,22.327216279803253,9533.55643456021
267043,114.1615044597527,22.326655652498015,8396.383058290226
268007,114.17165093927673,22.33270659855509,34815.41934847773
268008,114.17257318778624,22.332288570356056,11592.332910206607
268009,114.17224552382834,22.33094735125633,17121.43109026252
268012,114.16879120281529,22.32995965635329,93953.8485069637
268013,114.17032674167956,22.330298488654705,15659.803365734197
268014,114.17123482068835,22.330457411905734,28652.62528422966
268015,114.17285983583822,22.331542253555767,8764.740756763627
268016,114.17354473324298,22.331475365056686,9510.799982004108
268017,114.1742054470985,22.331350927307298,12437.454583135888
268018,114.1748874252244,22.33114493065824,12939.346191467805
268019,114.17543709688175,22.330721902358313,11241.51894481503
268020,114.17609116202857,22.33053027200954,17878.510310748206
268021,114.17237517257485,22.32877491340671,16783.242176892465
268022,114.17399537772636,22.330252875158394,15073.543037168181
268023,114.17372311234809,22.32961509035841,14662.320741714737
268026,114.17527699619232,22.32963173880841,3400.1260349990043
268027,114.1734470522994,22.328231699258136,17599.161322885524
268028,114.17456360232391,22.328119383608087,59909.875408271706
268030,114.1720471711571,22.336304973253675,236174.75872300914
268031,114.17515693606437,22.337060666506922,128265.26016990897
268032,114.17454987255597,22.334413839555573,58284.43924651553
268033,114.1710901353849,22.33412800735443,63691.44368554221
268034,114.17313346253157,22.333382912755646,47391.00451506555
268035,114.1762152932684,22.33321547480891,49282.305128794396
268036,114.17306678499753,22.32864737865755,12989.497344511687
268037,114.1693146755355,22.327128324305576,43166.94081813833
268038,114.17114889141598,22.327843847555286,55426.05796694026
269001,114.13799307348876,22.32029898638099,1231192.4962596167
269002,114.14223705599176,22.32862572473391,210364.95654522377
269003,114.15104930781789,22.326492551887725,256688.19777207437
271007,114.17546882819045,22.338778477355348,11933.04081849328
271008,114.17604799294998,22.338771099755853,23278.11231898775
271012,114.17780853782975,22.33757444970798,30549.75460111228
271013,114.1777065622458,22.336058092407406,48077.1698008467
271015,114.17784939143503,22.334826760708168,16659.333225647526
271016,114.17797055121599,22.333674634908867,32547.368000379698
271017,114.17923518663211,22.333039364610904,14804.996364423774
271018,114.18033878673796,22.333720588061563,10638.13400671854
271019,114.18028974820177,22.332915178411824,11320.994115709984
271020,114.18137154285438,22.33322528336297,14922.247242720545
271021,114.181976197219,22.332872247913038,14266.875394578403
271022,114.17709198311667,22.332083604109265,25605.252674650557
271023,114.1776081948666,22.33159067586036,21523.55745336396
271024,114.17833159909496,22.33148659336082,20981.985165106213
271025,114.17915019167441,22.33162269216171,20690.622725218684
271026,114.18024801747161,22.332230264912056,8514.362038925778
271027,114.18020891134671,22.33158344991226,10410.004530493943
271028,114.18018107570978,22.331125997462408,2960.91811618053
271029,114.1801534436955,22.33067193576256,10420.155741398945
271030,114.18139368116636,22.331351712913808,26928.406182441715
271031,114.18225473618148,22.33114259076415,4576.864468828552
271032,114.17632734240152,22.32847696386019,44511.136984306395
271033,114.17782837456163,22.329434488210403,33256.489206745624
271034,114.1792495112349,22.33008476141201,7667.796619341434
271035,114.18030737864095,22.330047405212916,8751.140850498175
271036,114.18133789021549,22.32902714491361,27970.283250637276
271037,114.18380785239108,22.328884597166372,16786.95822111016
271038,114.18325421224563,22.32990796401544,16646.245267414255
271039,114.18473429874297,22.329342192466864,8487.768916344587
271040,114.18597997842645,22.330248818667613,34369.069857996335
271041,114.18606671142926,22.33297820176687,25066.438055519237
271042,114.17764162426879,22.327856504411983,13493.808894360303
271043,114.17919828995073,22.329104993062327,15588.358451099444
271044,114.18025454785189,22.329046876863238,7898.210293475468
271045,114.1828121560326,22.328351269515654,44415.53263933144
271046,114.18527559129029,22.32859038746764,24970.13158350776
271047,114.17747591167573,22.32730304506161,16696.23047359827
271048,114.17949368684091,22.32785891271388,32509.53609559286
271050,114.18120861234613,22.32784049296449,16783.41841318793
271051,114.18039891717959,22.327386857314526,9867.367093209066
271052,114.18523650913912,22.32767849226893,23068.137630941143
272010,114.18030160721537,22.337069819460286,114928.08086252988
272011,114.18259789353726,22.33812597686183,50163.50486910689
272012,114.18319171590772,22.334342859063447,7399.761860816664
272013,114.18466275787449,22.336985961913996,149885.9090726381
272014,114.18014293525371,22.334765936861025,30010.704573613522
272015,114.18218100384175,22.3355123008131,49523.97249622667
272016,114.18385637043029,22.332329354163676,152886.63057830007
272017,114.18646864530103,22.333638169217526,30154.47529667954
272018,114.18706675135199,22.334476926566946,4237.313018417163
281028,114.20251576033239,22.336316069330504,71737.24520382722
281042,114.20159915733295,22.33793324372808,9736.45456317869
282009,114.1893838021366,22.33762582071825,28336.778003061452
282010,114.1867322225395,22.33633887101597,35555.147608232975
282023,114.18688858956787,22.33833137886638,63408.235375570395
282025,114.18825661521643,22.336839518066206,30977.199601821663
283002,114.19084303557625,22.338513400417423,174383.06075485086
283011,114.19416271463508,22.336883881871298,14965.576324542479
283017,114.19246289747389,22.330904055322552,6033.081958160489
283018,114.19358843258055,22.330647058073936,25207.026926494265
283025,114.19475472106384,22.33868669102307,43128.16700170638
283026,114.19465840248971,22.337649882721422,16234.603478074638
283027,114.19285981638711,22.33570255492255,55814.795171886675
283028,114.19261007307551,22.33302965652092,85710.53307939836
283029,114.18829922434361,22.333864354468222,40206.87519538756
283030,114.18834942391614,22.335486889066914,22044.456814589877
283031,114.18904997616906,22.33288947776829,24767.51478878851
283032,114.19426129820624,22.332009173373002,33392.364676928606
283033,114.1947399215055,22.333508539373753,29680.341184891462
283034,114.19318242720544,22.334827835072595,12399.546572940983
283035,114.18998649698098,22.3349001835699,40130.97607697516
284002,114.20048066199519,22.338269005977406,16841.095442611
284003,114.19673548157107,22.337962870623034,54506.14132450978
284004,114.19772440257337,22.337427563225223,21082.19756746869
284005,114.19867073251407,22.337427563225223,18614.529355413168
284006,114.20013007959702,22.33739902347766,32775.19173426513
284007,114.19501588746499,22.336409485923184,5484.5753701936455
284008,114.19573411325243,22.336139193473993,5414.708413812422
284009,114.19679320091461,22.336182251674494,6623.641956897358
284010,114.19817109119336,22.336439887825684,11273.852963443122
284011,114.19463708771593,22.335724391922852,4241.795652772815
284012,114.19542167710443,22.335567236574008,9558.78140847364
284013,114.19667572803856,22.335384985924122,13953.124608149163
284014,114.19785989990262,22.335409602876133,15432.113649258583
284015,114.1989999432009,22.33562720437591,19842.94271037541
284016,114.20032021375481,22.335951051528127,16911.42713411087
284017,114.19434214125533,22.335107495422655,2940.4914567832175
284018,114.19472795187704,22.334966676323447,5171.389035571619
284019,114.19513818123221,22.334676362023412,4459.591584503749
284020,114.19599762332592,22.33482665737384,9959.909833491822
284021,114.19667760850146,22.334615104925195,2297.646452852022
284022,114.19506364719567,22.334124366574173,7392.327334744678
284023,114.19591191357165,22.333791686025084,9991.724263834185
284024,114.19709213749844,22.334418950075396,8790.196162700182
284025,114.19877404796148,22.33437273007683,23433.776113744054
284026,114.20050742952495,22.335044430778687,13904.998326798273
284027,114.19670539612008,22.33321063262552,31489.36268790071
285002,114.1894029543354,22.332001532021746,106560.2304904479
285003,114.18677431709017,22.329867705118417,16971.687841440125
285004,114.18733048050234,22.329845319268887,11332.916114672118
285005,114.18790966299281,22.329821864269388,11407.806342952952
285006,114.18847439703686,22.32979952816987,10712.36105605486
285007,114.18903359487543,22.329778604170407,11087.41153956065
285008,114.18960192328456,22.329759649320835,10974.394667900386
285009,114.19015732254279,22.3297387268713,10543.303591950058
285010,114.19070012254758,22.329718357671773,10445.598594392894
285011,114.19123999809042,22.32969771137225,10381.822700727687
285012,114.19182359246676,22.329668787872738,12021.764395154385
285013,114.1924302825498,22.32971421262348,10805.553578555891
285014,114.193017854288,22.32999901582386,7712.1994306759425
285016,114.18669218939812,22.328062196768798,11085.081711297857
285017,114.18727626050995,22.328504285969345,11199.334933528806
285018,114.18785780730501,22.32849380736984,9953.266736624071
285019,114.18842182500529,22.328484169270318,9000.360425564437
285020,114.18898309065592,22.328477354370797,8443.708204855451
285021,114.18954839873464,22.328467436271275,7866.068139629403
285022,114.19010411352502,22.328458076671744,7033.743525726565
285023,114.1906490936287,22.328448721122207,6453.768092209846
285024,114.19146301366038,22.328373817173375,11103.887208831407
285025,114.18734024207637,22.331149682218417,4783.767848466453
286013,114.19922145433914,22.331818431777627,18450.332237208342
286014,114.20285880425321,22.33276621348012,43869.43116727351
286015,114.20222301834835,22.333891338729945,20341.738065763886
286016,114.19712516504413,22.331920603425534,219559.08715934536
286017,114.20316754253835,22.32563436453251,223050.57795125162
286018,114.19673808545477,22.323549222381644,346287.99071222596
286019,114.1954070812824,22.327873324926433,18966.759409278635
286020,114.19479302892833,22.327316167426122,18462.590317821978
286021,114.19420801136782,22.32675304127583,17339.285330652623
286022,114.1936515320827,22.326248597675555,16230.921951025612
286023,114.1931222945735,22.32576127637528,15630.571490331062
286024,114.19249948126416,22.325186131674982,20338.596382616663
286025,114.19161845800411,22.326669801923686,304787.0210730319
286026,114.20089595766257,22.329515901280836,12667.557705696749
286027,114.20204582648208,22.328482394131782,13253.010217087756
286028,114.20028558641089,22.329212971430024,12244.609751967275
286029,114.20158317197237,22.328041077381556,12274.722546056264
286030,114.19971871160229,22.328698726579752,18081.35638497736
286031,114.20107808981956,22.32746319288076,21088.656421808526
286032,114.20031889357729,22.326774430831428,16655.497875654604
286033,114.19904492483195,22.328062036579414,18780.41211596974
286034,114.19849950553086,22.327507085529163,12398.275739033677
286035,114.19980774813851,22.326329661830705,12536.443567259514
286036,114.19938506374542,22.325919510880503,11434.40701795811
286037,114.19789787089907,22.327206845478376,15116.27488842456
286038,114.20122926394023,22.330589629630307,19072.26810897994
286039,114.20356014457593,22.32975105648228,65944.08373541375
286040,114.20177765658288,22.33004270758382,192467.20033184584
286056,114.2023525429143,22.31594282513673,22090.62606082508
286058,114.20458693786901,22.32043436943838,146409.40550297976
286059,114.19963348531851,22.319087545531797,172478.05327814975
