component,strategy,target_fraction,fraction,n_removed,runs,reachable_share,reachable_share_std,reachable_share_p025,reachable_share_p975,reach_loss,reach_loss_std,reach_loss_p025,reach_loss_p975,mean_m,mean_m_std,mean_m_p025,mean_m_p975,median_m,median_m_std,median_m_p025,median_m_p975,p90_m,p90_m_std,p90_m_p025,p90_m_p975,p95_m,p95_m_std,p95_m_p025,p95_m_p975
link,lscc,0.0,0.0,0,1,0.8713531536537927,0.0,0.8713531536537927,0.8713531536537927,0.0,0.0,0.0,0.0,1678.3658804209185,0.0,1678.3658804209185,1678.3658804209185,1813.3350000000003,0.0,1813.3350000000003,1813.3350000000003,2515.206,0.0,2515.206,2515.206,3245.7529999999997,0.0,3245.7529999999997,3245.7529999999997
link,lscc,0.02,0.020007020007020006,57,1,0.7263128646846346,0.0,0.7263128646846346,0.7263128646846346,0.1450402889691581,0.0,0.1450402889691581,0.1450402889691581,1659.657986993114,0.0,1659.657986993114,1659.657986993114,1791.323,0.0,1791.323,1791.323,3211.169700000004,0.0,3211.169700000004,3211.169700000004,3365.0950000000003,0.0,3365.0950000000003,3365.0950000000003
link,lscc,0.04,0.04001404001404001,114,1,0.6710197277021395,0.0,0.6710197277021395,0.6710197277021395,0.20033342595165327,0.0,0.20033342595165327,0.20033342595165327,1833.1786285714286,0.0,1833.1786285714286,1833.1786285714286,1938.0099999999998,0.0,1938.0099999999998,1938.0099999999998,3724.2509999999993,0.0,3724.2509999999993,3724.2509999999993,3888.361,0.0,3888.361,3888.361
link,lscc,0.06,0.06002106002106002,171,1,0.576549041400389,0.0,0.576549041400389,0.576549041400389,0.29480411225340375,0.0,0.29480411225340375,0.29480411225340375,1932.537620722892,0.0,1932.537620722892,1932.537620722892,1927.1899999999998,0.0,1927.1899999999998,1927.1899999999998,3413.959,0.0,3413.959,3413.959,4693.179,0.0,4693.179,4693.179
link,lscc,0.08,0.08002808002808003,228,1,0.5118088357877189,0.0,0.5118088357877189,0.5118088357877189,0.3595443178660739,0.0,0.3595443178660739,0.3595443178660739,2260.802850162867,0.0,2260.802850162867,2260.802850162867,2292.6305000000007,0.0,2292.6305000000007,2292.6305000000007,4514.951000000001,0.0,4514.951000000001,4514.951000000001,4653.567199999993,0.0,4653.567199999993,4653.567199999993
link,lscc,0.1,0.10003510003510004,285,1,0.4576271186440678,0.0,0.4576271186440678,0.4576271186440678,0.41372603500972494,0.0,0.41372603500972494,0.41372603500972494,2859.323653916212,0.0,2859.323653916212,2859.323653916212,3107.3860000000004,0.0,3107.3860000000004,3107.3860000000004,7006.291600000004,0.0,7006.291600000004,7006.291600000004,7492.585000000002,0.0,7492.585000000002,7492.585000000002
link,lscc,0.12,0.12004212004212005,342,1,0.3231453181439289,0.0,0.3231453181439289,0.3231453181439289,0.5482078355098639,0.0,0.5482078355098639,0.5482078355098639,1770.26290455718,0.0,1770.26290455718,1770.26290455718,1111.605,0.0,1111.605,1111.605,4096.747600000001,0.0,4096.747600000001,4096.747600000001,4658.826000000002,0.0,4658.826000000002,4658.826000000002
link,lscc,0.14,0.14004914004914004,399,1,0.2511808835787719,0.0,0.2511808835787719,0.2511808835787719,0.6201722700750208,0.0,0.6201722700750208,0.6201722700750208,1225.3824977876106,0.0,1225.3824977876106,1225.3824977876106,212.38600000000002,0.0,212.38600000000002,212.38600000000002,3735.810000000001,0.0,3735.810000000001,3735.810000000001,5118.303,0.0,5118.303,5118.303
link,lscc,0.16,0.16005616005616005,456,1,0.24756876910252848,0.0,0.24756876910252848,0.24756876910252848,0.6237843845512643,0.0,0.6237843845512643,0.6237843845512643,1228.9770460157126,0.0,1228.9770460157126,1228.9770460157126,13.51,0.0,13.51,13.51,3735.810000000001,0.0,3735.810000000001,3735.810000000001,5118.303,0.0,5118.303,5118.303
link,lscc,0.18,0.18006318006318006,513,1,0.21311475409836064,0.0,0.21311475409836064,0.21311475409836064,0.6582383995554321,0.0,0.6582383995554321,0.6582383995554321,1011.7138983050849,0.0,1011.7138983050849,1011.7138983050849,0.0,0.0,0.0,0.0,2611.4463999999994,0.0,2611.4463999999994,2611.4463999999994,6596.313099999856,0.0,6596.313099999856,6596.313099999856
link,lscc,0.2,0.20007020007020007,570,1,0.20116699083078632,0.0,0.20116699083078632,0.20116699083078632,0.6701861628230064,0.0,0.6701861628230064,0.6701861628230064,942.3500165745857,0.0,942.3500165745857,942.3500165745857,0.0,0.0,0.0,0.0,2336.498,0.0,2336.498,2336.498,7229.746,0.0,7229.746,7229.746
link,lscc,0.22,0.22007722007722008,627,1,0.20116699083078632,0.0,0.20116699083078632,0.20116699083078632,0.6701861628230064,0.0,0.6701861628230064,0.6701861628230064,942.3500165745857,0.0,942.3500165745857,942.3500165745857,0.0,0.0,0.0,0.0,2336.498,0.0,2336.498,2336.498,7229.746,0.0,7229.746,7229.746
link,lscc,0.24,0.2400842400842401,684,1,0.20116699083078632,0.0,0.20116699083078632,0.20116699083078632,0.6701861628230064,0.0,0.6701861628230064,0.6701861628230064,942.3500165745857,0.0,942.3500165745857,942.3500165745857,0.0,0.0,0.0,0.0,2336.498,0.0,2336.498,2336.498,7229.746,0.0,7229.746,7229.746
link,lscc,0.26,0.2600912600912601,741,1,0.1928313420394554,0.0,0.1928313420394554,0.1928313420394554,0.6785218116143373,0.0,0.6785218116143373,0.6785218116143373,919.2881455331412,0.0,919.2881455331412,919.2881455331412,0.0,0.0,0.0,0.0,2336.498,0.0,2336.498,2336.498,7229.746,0.0,7229.746,7229.746
link,lscc,0.28,0.2800982800982801,798,1,0.1900527924423451,0.0,0.1900527924423451,0.1900527924423451,0.6813003612114477,0.0,0.6813003612114477,0.6813003612114477,921.2335131578948,0.0,921.2335131578948,921.2335131578948,0.0,0.0,0.0,0.0,2336.498,0.0,2336.498,2336.498,7229.746,0.0,7229.746,7229.746
link,lscc,0.3,0.3001053001053001,855,1,0.1900527924423451,0.0,0.1900527924423451,0.1900527924423451,0.6813003612114477,0.0,0.6813003612114477,0.6813003612114477,921.2335131578948,0.0,921.2335131578948,921.2335131578948,0.0,0.0,0.0,0.0,2336.498,0.0,2336.498,2336.498,7229.746,0.0,7229.746,7229.746
link,lscc,0.32,0.3201123201123201,912,1,0.1881078077243679,0.0,0.1881078077243679,0.1881078077243679,0.6832453459294249,0.0,0.6832453459294249,0.6832453459294249,910.2389320531757,0.0,910.2389320531757,910.2389320531757,0.0,0.0,0.0,0.0,2336.498,0.0,2336.498,2336.498,7229.746,0.0,7229.746,7229.746
link,lscc,0.34,0.34011934011934014,969,1,0.18699638788552375,0.0,0.18699638788552375,0.18699638788552375,0.684356765768269,0.0,0.684356765768269,0.684356765768269,907.6448023774146,0.0,907.6448023774146,907.6448023774146,0.0,0.0,0.0,0.0,2336.498,0.0,2336.498,2336.498,7229.746,0.0,7229.746,7229.746
link,lscc,0.36,0.3601263601263601,1026,1,0.16810225062517367,0.0,0.16810225062517367,0.16810225062517367,0.703250903028619,0.0,0.703250903028619,0.703250903028619,874.9530214876032,0.0,874.9530214876032,874.9530214876032,0.0,0.0,0.0,0.0,2666.575000000002,0.0,2666.575000000002,2666.575000000002,7229.746,0.0,7229.746,7229.746
link,lscc,0.38,0.38013338013338016,1083,1,0.16782439566546262,0.0,0.16782439566546262,0.16782439566546262,0.7035287579883301,0.0,0.7035287579883301,0.7035287579883301,876.2298029801324,0.0,876.2298029801324,876.2298029801324,0.0,0.0,0.0,0.0,2675.372000000004,0.0,2675.372000000004,2675.372000000004,7229.746,0.0,7229.746,7229.746
link,lscc,0.4,0.40014040014040014,1140,1,0.16782439566546262,0.0,0.16782439566546262,0.16782439566546262,0.7035287579883301,0.0,0.7035287579883301,0.7035287579883301,876.2298029801324,0.0,876.2298029801324,876.2298029801324,0.0,0.0,0.0,0.0,2675.372000000004,0.0,2675.372000000004,2675.372000000004,7229.746,0.0,7229.746,7229.746
link,od_eff,0.0,0.0,0,1,0.8713531536537927,0.0,0.8713531536537927,0.8713531536537927,0.0,0.0,0.0,0.0,1678.3658804209185,0.0,1678.3658804209185,1678.3658804209185,1813.3350000000003,0.0,1813.3350000000003,1813.3350000000003,2515.206,0.0,2515.206,2515.206,3245.7529999999997,0.0,3245.7529999999997,3245.7529999999997
link,od_eff,0.02,0.020007020007020006,57,1,0.7693803834398444,0.0,0.7693803834398444,0.7693803834398444,0.10197277021394835,0.0,0.10197277021394835,0.10197277021394835,1637.5121213434454,0.0,1637.5121213434454,1637.5121213434454,1687.8169999999998,0.0,1687.8169999999998,1687.8169999999998,2789.609000000001,0.0,2789.609000000001,2789.609000000001,2995.5060000000008,0.0,2995.5060000000008,2995.5060000000008
link,od_eff,0.04,0.04001404001404001,114,1,0.7190886357321479,0.0,0.7190886357321479,0.7190886357321479,0.15226451792164486,0.0,0.15226451792164486,0.15226451792164486,1766.7679316074186,0.0,1766.7679316074186,1766.7679316074186,1795.2835,0.0,1795.2835,1795.2835,3082.4430000000034,0.0,3082.4430000000034,3082.4430000000034,4128.325,0.0,4128.325,4128.325
link,od_eff,0.06,0.06002106002106002,171,1,0.6476799110864129,0.0,0.6476799110864129,0.6476799110864129,0.22367324256737986,0.0,0.22367324256737986,0.22367324256737986,1663.4574427284429,0.0,1663.4574427284429,1663.4574427284429,1712.0159999999998,0.0,1712.0159999999998,1712.0159999999998,2885.844,0.0,2885.844,2885.844,3319.890000000001,0.0,3319.890000000001,3319.890000000001
link,od_eff,0.08,0.08002808002808003,228,1,0.639899972214504,0.0,0.639899972214504,0.639899972214504,0.23145318143928872,0.0,0.23145318143928872,0.23145318143928872,1671.2737003907948,0.0,1671.2737003907948,1671.2737003907948,1728.295,0.0,1728.295,1728.295,2890.768000000001,0.0,2890.768000000001,2890.768000000001,3525.806800000001,0.0,3525.806800000001,3525.806800000001
link,od_eff,0.1,0.10003510003510004,285,1,0.6251736593498194,0.0,0.6251736593498194,0.6251736593498194,0.24617949430397335,0.0,0.24617949430397335,0.24617949430397335,1678.5762497777778,0.0,1678.5762497777778,1678.5762497777778,1712.002,0.0,1712.002,1712.002,2890.768000000001,0.0,2890.768000000001,2890.768000000001,3860.192,0.0,3860.192,3860.192
link,od_eff,0.12,0.12004212004212005,342,1,0.5965545984995833,0.0,0.5965545984995833,0.5965545984995833,0.2747985551542095,0.0,0.2747985551542095,0.2747985551542095,1676.1942738705172,0.0,1676.1942738705172,1676.1942738705172,1661.2869999999998,0.0,1661.2869999999998,1661.2869999999998,3056.0060000000003,0.0,3056.0060000000003,3056.0060000000003,4004.267899999987,0.0,4004.267899999987,4004.267899999987
link,od_eff,0.14,0.14004914004914004,399,1,0.5782161711586552,0.0,0.5782161711586552,0.5782161711586552,0.29313698249513753,0.0,0.29313698249513753,0.29313698249513753,1882.09409899087,0.0,1882.09409899087,1882.09409899087,2067.757,0.0,2067.757,2067.757,3198.72,0.0,3198.72,3198.72,4266.533,0.0,4266.533,4266.533
link,od_eff,0.16,0.16005616005616005,456,1,0.4831897749374826,0.0,0.4831897749374826,0.4831897749374826,0.3881633787163101,0.0,0.3881633787163101,0.3881633787163101,1914.1492133410004,0.0,1914.1492133410004,1914.1492133410004,1984.8980000000004,0.0,1984.8980000000004,1984.8980000000004,3570.919000000001,0.0,3570.919000000001,3570.919000000001,4266.533,0.0,4266.533,4266.533
link,od_eff,0.18,0.18006318006318006,513,1,0.4737427063073076,0.0,0.4737427063073076,0.4737427063073076,0.39761044734648515,0.0,0.39761044734648515,0.39761044734648515,1909.6877630498534,0.0,1909.6877630498534,1909.6877630498534,2042.2040000000004,0.0,2042.2040000000004,2042.2040000000004,3545.6749999999997,0.0,3545.6749999999997,3545.6749999999997,4266.533,0.0,4266.533,4266.533
link,od_eff,0.2,0.20007020007020007,570,1,0.4423450958599611,0.0,0.4423450958599611,0.4423450958599611,0.4290080577938316,0.0,0.4290080577938316,0.4290080577938316,1993.118560929648,0.0,1993.118560929648,1993.118560929648,2228.5319999999992,0.0,2228.5319999999992,2228.5319999999992,3706.7089000000014,0.0,3706.7089000000014,3706.7089000000014,4494.708,0.0,4494.708,4494.708
link,od_eff,0.22,0.22007722007722008,627,1,0.4087246457349264,0.0,0.4087246457349264,0.4087246457349264,0.46262850791886634,0.0,0.46262850791886634,0.46262850791886634,2053.455660774983,0.0,2053.455660774983,2053.455660774983,2563.995,0.0,2563.995,2563.995,3708.5209999999997,0.0,3708.5209999999997,3708.5209999999997,4494.708,0.0,4494.708,4494.708
link,od_eff,0.24,0.2400842400842401,684,1,0.126146151708808,0.0,0.126146151708808,0.126146151708808,0.7452070019449848,0.0,0.7452070019449848,0.7452070019449848,3.2704691629955946,0.0,3.2704691629955946,3.2704691629955946,0.0,0.0,0.0,0.0,0.0,0.0,0.0,0.0,0.0,0.0,0.0,0.0
link,od_eff,0.26,0.2600912600912601,741,1,0.126146151708808,0.0,0.126146151708808,0.126146151708808,0.7452070019449848,0.0,0.7452070019449848,0.7452070019449848,3.2704691629955946,0.0,3.2704691629955946,3.2704691629955946,0.0,0.0,0.0,0.0,0.0,0.0,0.0,0.0,0.0,0.0,0.0,0.0
link,od_eff,0.28,0.2800982800982801,798,1,0.126146151708808,0.0,0.126146151708808,0.126146151708808,0.7452070019449848,0.0,0.7452070019449848,0.7452070019449848,3.2704691629955946,0.0,3.2704691629955946,3.2704691629955946,0.0,0.0,0.0,0.0,0.0,0.0,0.0,0.0,0.0,0.0,0.0,0.0
link,od_eff,0.3,0.3001053001053001,855,1,0.12586829674909697,0.0,0.12586829674909697,0.12586829674909697,0.7454848569046958,0.0,0.7454848569046958,0.7454848569046958,2.817205298013245,0.0,2.817205298013245,2.817205298013245,0.0,0.0,0.0,0.0,0.0,0.0,0.0,0.0,0.0,0.0,0.0,0.0
link,od_eff,0.32,0.3201123201123201,912,1,0.12586829674909697,0.0,0.12586829674909697,0.12586829674909697,0.7454848569046958,0.0,0.7454848569046958,0.7454848569046958,2.817205298013245,0.0,2.817205298013245,2.817205298013245,0.0,0.0,0.0,0.0,0.0,0.0,0.0,0.0,0.0,0.0,0.0,0.0
link,od_eff,0.34,0.34011934011934014,969,1,0.12586829674909697,0.0,0.12586829674909697,0.12586829674909697,0.7454848569046958,0.0,0.7454848569046958,0.7454848569046958,2.817205298013245,0.0,2.817205298013245,2.817205298013245,0.0,0.0,0.0,0.0,0.0,0.0,0.0,0.0,0.0,0.0,0.0,0.0
link,od_eff,0.36,0.3601263601263601,1026,1,0.12586829674909697,0.0,0.12586829674909697,0.12586829674909697,0.7454848569046958,0.0,0.7454848569046958,0.7454848569046958,2.817205298013245,0.0,2.817205298013245,2.817205298013245,0.0,0.0,0.0,0.0,0.0,0.0,0.0,0.0,0.0,0.0,0.0,0.0
link,od_eff,0.38,0.38013338013338016,1083,1,0.12531258682967492,0.0,0.12531258682967492,0.12531258682967492,0.7460405668241178,0.0,0.7460405668241178,0.7460405668241178,2.7697871396895786,0.0,2.7697871396895786,2.7697871396895786,0.0,0.0,0.0,0.0,0.0,0.0,0.0,0.0,0.0,0.0,0.0,0.0
link,od_eff,0.4,0.40014040014040014,1140,1,0.12531258682967492,0.0,0.12531258682967492,0.12531258682967492,0.7460405668241178,0.0,0.7460405668241178,0.7460405668241178,2.7697871396895786,0.0,2.7697871396895786,2.7697871396895786,0.0,0.0,0.0,0.0,0.0,0.0,0.0,0.0,0.0,0.0,0.0,0.0
link,odbc,0.0,0.0,0,1,0.8713531536537927,0.0,0.8713531536537927,0.8713531536537927,0.0,0.0,0.0,0.0,1678.3658804209185,0.0,1678.3658804209185,1678.3658804209185,1813.3350000000003,0.0,1813.3350000000003,1813.3350000000003,2515.206,0.0,2515.206,2515.206,3245.7529999999997,0.0,3245.7529999999997,3245.7529999999997
link,odbc,0.02,0.020007020007020006,57,1,0.8599611003056404,0.0,0.8599611003056404,0.8599611003056404,0.011392053348152298,0.0,0.011392053348152298,0.011392053348152298,1745.9488423263329,0.0,1745.9488423263329,1745.9488423263329,1875.4920000000004,0.0,1875.4920000000004,1875.4920000000004,2789.609000000001,0.0,2789.609000000001,2789.609000000001,3319.890000000001,0.0,3319.890000000001,3319.890000000001
link,odbc,0.04,0.04001404001404001,114,1,0.8396776882467352,0.0,0.8396776882467352,0.8396776882467352,0.03167546540705757,0.0,0.03167546540705757,0.03167546540705757,1960.6381201191261,0.0,1960.6381201191261,1960.6381201191261,2078.562,0.0,2078.562,2078.562,3333.040800000001,0.0,3333.040800000001,3333.040800000001,4127.087499999995,0.0,4127.087499999995,4127.087499999995
link,odbc,0.06,0.06002106002106002,171,1,0.8341205890525146,0.0,0.8341205890525146,0.8341205890525146,0.037232564601278106,0.0,0.037232564601278106,0.037232564601278106,2278.715950033311,0.0,2278.715950033311,2278.715950033311,2257.304,0.0,2257.304,2257.304,4267.586200000001,0.0,4267.586200000001,4267.586200000001,4839.011,0.0,4839.011,4839.011
link,odbc,0.08,0.08002808002808003,228,1,0.7943873298138372,0.0,0.7943873298138372,0.7943873298138372,0.07696582383995554,0.0,0.07696582383995554,0.07696582383995554,2741.6923301853794,0.0,2741.6923301853794,2741.6923301853794,2545.281,0.0,2545.281,2545.281,5124.899000000001,0.0,5124.899000000001,5124.899000000001,6120.447,0.0,6120.447,6120.447
link,odbc,0.1,0.10003510003510004,285,1,0.7168657960544595,0.0,0.7168657960544595,0.7168657960544595,0.15448735759933319,0.0,0.15448735759933319,0.15448735759933319,2917.888799224806,0.0,2917.888799224806,2917.888799224806,2949.5355,0.0,2949.5355,2949.5355,5449.320099999998,0.0,5449.320099999998,5449.320099999998,6606.988,0.0,6606.988,6606.988
link,odbc,0.12,0.12004212004212005,342,1,0.6882467352042234,0.0,0.6882467352042234,0.6882467352042234,0.18310641844956932,0.0,0.18310641844956932,0.18310641844956932,2876.1321598708114,0.0,2876.1321598708114,2876.1321598708114,2907.7110000000007,0.0,2907.7110000000007,2907.7110000000007,5395.699400000005,0.0,5395.699400000005,5395.699400000005,6606.988,0.0,6606.988,6606.988
link,odbc,0.14,0.14004914004914004,399,1,0.648235621005835,0.0,0.648235621005835,0.648235621005835,0.22311753264795775,0.0,0.22311753264795775,0.22311753264795775,2925.7016682383196,0.0,2925.7016682383196,2925.7016682383196,3125.549,0.0,3125.549,3125.549,5463.794999999999,0.0,5463.794999999999,5463.794999999999,6704.590000000002,0.0,6704.590000000002,6704.590000000002
link,odbc,0.16,0.16005616005616005,456,1,0.6407335370936371,0.0,0.6407335370936371,0.6407335370936371,0.23061961656015562,0.0,0.23061961656015562,0.23061961656015562,2931.103335212489,0.0,2931.103335212489,2931.103335212489,3125.549,0.0,3125.549,3125.549,5776.0019999999995,0.0,5776.0019999999995,5776.0019999999995,6719.665,0.0,6719.665,6719.665
link,odbc,0.18,0.18006318006318006,513,1,0.6321200333425951,0.0,0.6321200333425951,0.6321200333425951,0.2392331203111976,0.0,0.2392331203111976,0.2392331203111976,2930.2466061538457,0.0,2930.2466061538457,2930.2466061538457,3125.549,0.0,3125.549,3125.549,5869.83,0.0,5869.83,5869.83,6719.665,0.0,6719.665,6719.665
link,odbc,0.2,0.20007020007020007,570,1,0.5815504306751875,0.0,0.5815504306751875,0.5815504306751875,0.2898027229786052,0.0,0.2898027229786052,0.2898027229786052,2759.374304347826,0.0,2759.374304347826,2759.374304347826,2914.947,0.0,2914.947,2914.947,5319.201,0.0,5319.201,5319.201,6719.665,0.0,6719.665,6719.665
link,odbc,0.22,0.22007722007722008,627,1,0.3889969435954432,0.0,0.3889969435954432,0.3889969435954432,0.48235621005834955,0.0,0.48235621005834955,0.48235621005834955,2382.6146557142856,0.0,2382.6146557142856,2382.6146557142856,2353.4429999999998,0.0,2353.4429999999998,2353.4429999999998,5520.2159999999985,0.0,5520.2159999999985,5520.2159999999985,5621.374999999998,0.0,5621.374999999998,5621.374999999998
link,odbc,0.24,0.2400842400842401,684,1,0.38316198944151153,0.0,0.38316198944151153,0.38316198944151153,0.4881911642122812,0.0,0.4881911642122812,0.4881911642122812,2562.8939021029732,0.0,2562.8939021029732,2562.8939021029732,2571.7090000000003,0.0,2571.7090000000003,2571.7090000000003,5520.2159999999985,0.0,5520.2159999999985,5520.2159999999985,5621.374999999998,0.0,5621.374999999998,5621.374999999998
link,odbc,0.26,0.2600912600912601,741,1,0.38066129480411226,0.0,0.38066129480411226,0.38066129480411226,0.4906918588496805,0.0,0.4906918588496805,0.4906918588496805,2603.1163211678836,0.0,2603.1163211678836,2603.1163211678836,2650.7520000000004,0.0,2650.7520000000004,2650.7520000000004,5855.355,0.0,5855.355,5855.355,5956.513999999999,0.0,5956.513999999999,5956.513999999999
link,odbc,0.28,0.2800982800982801,798,1,0.2889691580994721,0.0,0.2889691580994721,0.2889691580994721,0.5823839955543206,0.0,0.5823839955543206,0.5823839955543206,2062.3196461538464,0.0,2062.3196461538464,2062.3196461538464,1392.4845000000005,0.0,1392.4845000000005,1392.4845000000005,5118.303,0.0,5118.303,5118.303,5781.128000000001,0.0,5781.128000000001,5781.128000000001
link,odbc,0.3,0.3001053001053001,855,1,0.2817449291469853,0.0,0.2817449291469853,0.2817449291469853,0.5896082245068075,0.0,0.5896082245068075,0.5896082245068075,2443.0803609467453,0.0,2443.0803609467453,2443.0803609467453,1326.1070000000004,0.0,1326.1070000000004,1326.1070000000004,5681.626999999999,0.0,5681.626999999999,5681.626999999999,7437.266999999999,0.0,7437.266999999999,7437.266999999999
link,odbc,0.32,0.3201123201123201,912,1,0.19977771603223118,0.0,0.19977771603223118,0.19977771603223118,0.6715754376215616,0.0,0.6715754376215616,0.6715754376215616,1135.9394853963838,0.0,1135.9394853963838,1135.9394853963838,0.0,0.0,0.0,0.0,3601.2432000000003,0.0,3601.2432000000003,3601.2432000000003,7229.746,0.0,7229.746,7229.746
link,odbc,0.34,0.34011934011934014,969,1,0.19894415115309808,0.0,0.19894415115309808,0.19894415115309808,0.6724090025006947,0.0,0.6724090025006947,0.6724090025006947,1126.5942067039107,0.0,1126.5942067039107,1126.5942067039107,0.0,0.0,0.0,0.0,3601.9845000000005,0.0,3601.9845000000005,3601.9845000000005,7229.746,0.0,7229.746,7229.746
link,odbc,0.36,0.3601263601263601,1026,1,0.19672131147540983,0.0,0.19672131147540983,0.19672131147540983,0.6746318421783829,0.0,0.6746318421783829,0.6746318421783829,1135.245738700565,0.0,1135.245738700565,1135.245738700565,0.0,0.0,0.0,0.0,3610.041700000002,0.0,3610.041700000002,3610.041700000002,7229.746,0.0,7229.746,7229.746
link,odbc,0.38,0.38013338013338016,1083,1,0.1514309530425118,0.0,0.1514309530425118,0.1514309530425118,0.7199222006112809,0.0,0.7199222006112809,0.7199222006112809,246.40824770642206,0.0,246.40824770642206,246.40824770642206,0.0,0.0,0.0,0.0,1326.1070000000004,0.0,1326.1070000000004,1326.1070000000004,1547.9750000000006,0.0,1547.9750000000006,1547.9750000000006
link,odbc,0.4,0.40014040014040014,1140,1,0.1414281744929147,0.0,0.1414281744929147,0.1414281744929147,0.7299249791608781,0.0,0.7299249791608781,0.7299249791608781,158.40375049115917,0.0,158.40375049115917,158.40375049115917,0.0,0.0,0.0,0.0,869.9141999999994,0.0,869.9141999999994,869.9141999999994,1308.4790000000005,0.0,1308.4790000000005,1308.4790000000005
link,random,0.0,0.0,0,30,0.8713531536537927,0.0,0.8713531536537927,0.8713531536537927,0.0,0.0,0.0,0.0,1678.3658804209185,0.0,1678.3658804209185,1678.3658804209185,1813.335,2.312606865032684e-13,1813.3350000000003,1813.3350000000003,2515.2060000000006,4.625213730065368e-13,2515.206,2515.206,3245.752999999999,9.250427460130737e-13,3245.7529999999997,3245.7529999999997
link,random,0.02,0.020007020007020006,57,30,0.8576271186440677,0.011413322464550745,0.8284662406223952,0.8681717143651014,0.013726035009724942,0.011413322464550747,0.003181439288691354,0.042886913031397564,1780.2085370857649,92.93147706913693,1677.640342321834,2001.3154066169016,1938.32,115.49551951602213,1805.2069250000002,2215.700375,2852.283856666667,289.8993366492483,2548.700719999999,3410.3194249999997,3446.201621666662,218.05778248593933,3188.9726499999997,3927.207674999999
link,random,0.04,0.04001404001404001,114,30,0.8303695470964157,0.019520176107250403,0.7821339260905807,0.8565087524312309,0.04098360655737706,0.019520176107250407,0.014844401222561815,0.08921922756321198,1879.159194929387,129.89598141415817,1708.787129718114,2155.382448500719,2040.2530666666669,161.54274704626644,1812.97715,2358.6950999999995,3090.921363333334,335.63241766340695,2603.4406050000002,3770.0687749999993,3602.3408533333345,307.88233229354853,3039.6883250000005,4140.52855125
link,random,0.06,0.06002106002106002,171,30,0.8070482541446699,0.02330793543222079,0.7606626840789108,0.8437204779105307,0.06430489950912291,0.023307935432220792,0.027632675743262055,0.11069046957488189,1992.146291834694,185.839376422048,1742.3003029280774,2389.4998893979036,2161.7993666666666,198.70467693166188,1836.6701249999999,2500.681275,3291.5752266666664,430.87697730136045,2737.4241000000006,4159.824325,3860.8581799999965,443.0097776287506,3304.745645000001,4764.427847499994
link,random,0.08,0.08002808002808003,228,30,0.7673242567379827,0.03571442489877557,0.7046401778271743,0.8199013614893026,0.10402889691580999,0.03571442489877556,0.05145179216449012,0.16671297582661848,2135.8889822090305,331.7635174715554,1766.0557941784505,2915.879703306966,2327.1294833333336,437.4803441229751,1833.2065749999997,3483.071975,3658.0054733333336,632.4041253052645,2780.9294999999997,5175.175974999999,4164.190736666666,601.6471365895522,3457.454175,5579.181737499999
link,random,0.1,0.10003510003510004,285,30,0.7212466425859035,0.04092764388110421,0.6446443456515699,0.7873923312031119,0.15010651106788925,0.04092764388110421,0.08396082245068076,0.22670880800222282,2321.0167630106976,475.7134726779835,1834.2732080289452,3271.047822822318,2504.5557000000003,608.2444714952007,1875.2296875,3705.941174999998,4154.194410000001,810.2206588368877,3208.9274,6259.000687499999,4630.111956666665,929.9489759915547,3518.134953750001,6876.9773424999985
link,random,0.12,0.12004212004212005,342,30,0.6624988422710012,0.047354244675608614,0.5844540150041678,0.7583217560433454,0.2088543113827915,0.04735424467560861,0.11303139761044735,0.28689913864962485,2566.150190713655,627.5609678310988,1897.6021216980173,4363.59080414562,2699.332233333333,791.1188613648626,1986.5607875000003,4951.637399999999,4924.670963333335,1165.8312084482106,3356.1344000000004,7188.565625000012,5333.0299700000005,1172.902597970662,4010.19855,8274.900285
link,random,0.14,0.14004914004914004,399,30,0.5821246642585904,0.09916838378129249,0.39117810502917477,0.675340372325646,0.2892284893952024,0.0991683837812925,0.19601278132814673,0.4801750486246175,2511.5812249214828,739.1830378472981,1313.2648129365573,4111.211366834366,2575.1932666666667,838.2186653626385,1191.9014499999998,4282.493299999998,5005.014236666668,1460.0922113724703,2861.4976250000004,8039.504500000001,5665.835923333332,1581.8816277543744,3557.5084,8986.854452499996
link,random,0.16,0.16005616005616005,456,30,0.4913309252570159,0.12435066064620469,0.154987496526813,0.6356140594609614,0.38002222839677685,0.12435066064620469,0.23573909419283134,0.7163656571269797,2480.881115908756,885.4954925221006,203.66614812888199,4261.009445682081,2386.4523499999996,971.9422469700868,0.0,3932.1890999999973,5410.262906666669,1943.6499049720185,855.2232850000006,9036.97106,6048.376031666666,1909.600916072856,1393.1407999999976,9134.90635
link,random,0.18,0.18006318006318006,513,30,0.41493007316847275,0.11574098367846739,0.1526396221172548,0.593150875243123,0.45642308048531993,0.11574098367846737,0.27820227841066963,0.7187135315365379,2296.307632334346,965.9069533378648,173.91695664896184,4409.568767668714,2108.2085333333334,1118.7332004819184,0.0,4097.636324999998,5103.5115633333335,2164.174867782483,791.2352200000007,9916.45625,5888.632758333333,2315.4803125882686,1100.9486199999997,10913.609604999998
link,random,0.2,0.20007020007020007,570,30,0.35709919422061687,0.09521526644208676,0.1517782717421506,0.5166574048346763,0.514253959433176,0.09521526644208676,0.3546957488191165,0.7195748819116421,2101.317986242763,820.4602699255956,164.9082531067618,3613.50904212198,1688.1198833333335,1099.0683299386496,0.0,3709.0052624999994,5195.912649999999,2126.9766967251053,740.2995299999999,8794.076074999997,5941.587893333332,2226.105555194721,1057.3943025000015,10168.333608749997
link,random,0.22,0.22007722007722008,627,30,0.2947022321015097,0.08195850782955953,0.1467629897193665,0.427132536815782,0.5766509215522831,0.08195850782955952,0.4442206168380106,0.7245901639344262,1766.464975514834,1004.2791145331505,152.39200936131257,3846.1845123332123,1108.9340166666666,890.9792937173746,0.0,2677.7565624999997,4781.427123333334,2596.0152614599474,710.4723875000004,11298.6836375,5603.255786666667,2706.9501554215813,1019.1867500000001,11568.560318749998
link,random,0.24,0.2400842400842401,684,30,0.2557469667500232,0.05876215876270058,0.1444637399277577,0.34894415115309807,0.6156061869037696,0.05876215876270059,0.5224090025006947,0.726889413726035,1460.3549731345645,810.9681362289932,136.84645174782,3336.7346080978928,638.5260666666668,687.0031218518103,0.0,1867.9144499999984,4064.569413333334,2142.1598691985455,592.0144374999999,8702.368124999995,4922.014726666666,2342.4007944767013,1019.1867500000001,10487.245607499997
link,random,0.26,0.2600912600912601,741,30,0.213475965545985,0.05057834870941546,0.1418588496804668,0.31551819949986104,0.6578771881078077,0.05057834870941545,0.5558349541539316,0.7294943039733259,1016.8971719569039,740.2216023239679,128.52782043484143,2644.5885003227177,236.08871666666667,527.6228133701667,0.0,1654.622949999999,3190.0634799999993,1946.8236067806426,454.4423250000001,6820.625399999998,4009.71984,2198.1248931835503,972.9397749999999,8384.460324999996
link,random,0.28,0.2800982800982801,798,30,0.1894507733629712,0.03606819435889568,0.1339747151986663,0.268338427340928,0.6819023802908216,0.03606819435889568,0.6030147263128647,0.7373784384551264,743.3231377058968,549.5120999051938,91.13278520865687,2058.6154329486785,65.94436666666668,248.8453678200212,0.0,603.1138499999988,2650.458573333334,1662.5342703247393,0.0,6038.835875,3441.1614500000005,2017.7296026631593,778.6871874999998,7897.856624999999
link,random,0.3,0.3001053001053001,855,30,0.17324256737982774,0.02461279385593742,0.13321061405946094,0.2234370658516254,0.698110586273965,0.024612793855937412,0.6479160878021673,0.7381425395943317,535.7335575746496,408.73094978397944,93.6981763004934,1455.0124940063365,8.150633333333333,44.64285734620191,0.0,67.24272499999965,2065.8830833333336,1365.891375504742,0.0,4928.5766749999975,2856.8216316666662,1837.2706387846108,661.0125749999999,6695.708024999997
link,random,0.32,0.3201123201123201,912,30,0.16448087431693986,0.021982292476315227,0.13321061405946094,0.2070019449847179,0.7068722793368529,0.02198229247631523,0.6643512086690747,0.7381425395943317,455.7153211336263,405.40219778096446,61.664805024445016,1462.539218568636,0.22516666666666665,1.2332886253157993,0.0,1.8576249999999903,1789.4988966666665,1347.0369281954145,0.0,4928.5766749999975,2650.128824999994,1911.7022298702452,471.96592499999974,7062.783499999875
link,random,0.34,0.34011934011934014,969,30,0.15525608965453366,0.01427321684983116,0.13061267018616282,0.17619477632675742,0.716097063999259,0.014273216849831153,0.6951583773270353,0.7407404834676299,312.5130511936471,226.381962560484,50.3953608953596,759.0297908305643,0.0,0.0,0.0,0.0,1261.7221700000002,966.507350670924,0.0,3046.807975,2169.607726666666,1672.5502402500172,344.37935000000004,6014.020249999996
link,random,0.36,0.3601263601263601,1026,30,0.1505510790034269,0.014000612839049558,0.1261183662128369,0.17270075020839123,0.720802074650366,0.014000612839049556,0.6986524034454015,0.7452347874409558,275.7278142973174,226.24653137950082,13.391550294217978,754.4531314775081,0.0,0.0,0.0,0.0,1122.5998233333332,981.6955171934217,0.0,3046.807975,2007.0363883333328,1732.716393374397,0.0,6138.661524999996
link,random,0.38,0.38013338013338016,1083,30,0.14558673705658984,0.011938843475013235,0.1261183662128369,0.16767852181161433,0.7257664165972028,0.01193884347501324,0.7036746318421784,0.7452347874409558,207.807112040554,187.3597040469355,13.391550294217978,679.3389310893006,0.0,0.0,0.0,0.0,830.774716666667,868.0468248055855,0.0,2896.0459199999996,1614.435254999999,1605.874520022191,0.0,5494.630974999995
link,random,0.4,0.40014040014040014,1140,30,0.14275261646753729,0.010727252354838736,0.1261183662128369,0.16510836343428728,0.7286005371862554,0.01072725235483873,0.7062447902195055,0.7452347874409558,182.08793360100023,171.38588434378016,13.391550294217978,498.702857768728,0.0,0.0,0.0,0.0,698.8815166666668,789.5577711212077,0.0,2349.105759999999,1467.4005033333326,1526.1613209662166,0.0,4368.455124999992
link,td,0.0,0.0,0,1,0.8713531536537927,0.0,0.8713531536537927,0.8713531536537927,0.0,0.0,0.0,0.0,1678.3658804209185,0.0,1678.3658804209185,1678.3658804209185,1813.3350000000003,0.0,1813.3350000000003,1813.3350000000003,2515.206,0.0,2515.206,2515.206,3245.7529999999997,0.0,3245.7529999999997,3245.7529999999997
link,td,0.02,0.020007020007020006,57,1,0.7124201166990831,0.0,0.7124201166990831,0.7124201166990831,0.15893303695470962,0.0,0.15893303695470962,0.15893303695470962,1598.5432827613104,0.0,1598.5432827613104,1598.5432827613104,1652.431,0.0,1652.431,1652.431,2789.609000000001,0.0,2789.609000000001,2789.609000000001,3162.347,0.0,3162.347,3162.347
link,td,0.04,0.04001404001404001,114,1,0.6662961933870519,0.0,0.6662961933870519,0.6662961933870519,0.2050569602667408,0.0,0.2050569602667408,0.2050569602667408,1661.913537114262,0.0,1661.913537114262,1661.913537114262,1760.588,0.0,1760.588,1760.588,2890.768000000001,0.0,2890.768000000001,2890.768000000001,4026.017,0.0,4026.017,4026.017
link,td,0.06,0.06002106002106002,171,1,0.6479577660461239,0.0,0.6479577660461239,0.6479577660461239,0.22339538760766886,0.0,0.22339538760766886,0.22339538760766886,1834.108972555746,0.0,1834.108972555746,1834.108972555746,2074.8305,0.0,2074.8305,2074.8305,3038.7331000000017,0.0,3038.7331000000017,3038.7331000000017,4210.656899999986,0.0,4210.656899999986,4210.656899999986
link,td,0.08,0.08002808002808003,228,1,0.6185051403167546,0.0,0.6185051403167546,0.6185051403167546,0.2528480133370381,0.0,0.2528480133370381,0.2528480133370381,1876.3695943396226,0.0,1876.3695943396226,1876.3695943396226,2083.0805,0.0,2083.0805,2083.0805,3390.97,0.0,3390.97,3390.97,3585.364999999999,0.0,3585.364999999999,3585.364999999999
link,td,0.1,0.10003510003510004,285,1,0.585440400111142,0.0,0.585440400111142,0.585440400111142,0.2859127535426508,0.0,0.2859127535426508,0.2859127535426508,1920.403790223066,0.0,1920.403790223066,1920.403790223066,2080.6800000000003,0.0,2080.6800000000003,2080.6800000000003,3390.97,0.0,3390.97,3390.97,4196.616799999958,0.0,4196.616799999958,4196.616799999958
link,td,0.12,0.12004212004212005,342,1,0.5651569880522367,0.0,0.5651569880522367,0.5651569880522367,0.30619616560155605,0.0,0.30619616560155605,0.30619616560155605,2007.540760078663,0.0,2007.540760078663,2007.540760078663,2175.9305,0.0,2175.9305,2175.9305,3888.361,0.0,3888.361,3888.361,4266.533,0.0,4266.533,4266.533
link,td,0.14,0.14004914004914004,399,1,0.5457071408724645,0.0,0.5457071408724645,0.5457071408724645,0.3256460127813282,0.0,0.3256460127813282,0.3256460127813282,2041.9641262729126,0.0,2041.9641262729126,2041.9641262729126,2421.7015,0.0,2421.7015,2421.7015,3888.361,0.0,3888.361,3888.361,4266.533,0.0,4266.533,4266.533
link,td,0.16,0.16005616005616005,456,1,0.5212559044178938,0.0,0.5212559044178938,0.5212559044178938,0.3500972492358989,0.0,0.3500972492358989,0.3500972492358989,2051.7538155650323,0.0,2051.7538155650323,2051.7538155650323,2510.893,0.0,2510.893,2510.893,3888.361,0.0,3888.361,3888.361,4266.533,0.0,4266.533,4266.533
link,td,0.18,0.18006318006318006,513,1,0.4918032786885246,0.0,0.4918032786885246,0.4918032786885246,0.37954987496526815,0.0,0.37954987496526815,0.37954987496526815,2186.1640350282487,0.0,2186.1640350282487,2186.1640350282487,2510.893,0.0,2510.893,2510.893,4266.533,0.0,4266.533,4266.533,4836.281,0.0,4836.281,4836.281
link,td,0.2,0.20007020007020007,570,1,0.45929424840233396,0.0,0.45929424840233396,0.45929424840233396,0.4120589052514588,0.0,0.4120589052514588,0.4120589052514588,2231.6816696914702,0.0,2231.6816696914702,2231.6816696914702,2521.549,0.0,2521.549,2521.549,4406.299000000001,0.0,4406.299000000001,4406.299000000001,4836.281,0.0,4836.281,4836.281
link,td,0.22,0.22007722007722008,627,1,0.4259516532370103,0.0,0.4259516532370103,0.4259516532370103,0.44540150041678245,0.0,0.44540150041678245,0.44540150041678245,2392.829523809524,0.0,2392.829523809524,2392.829523809524,2521.549,0.0,2521.549,2521.549,5131.6896,0.0,5131.6896,5131.6896,5750.987999999999,0.0,5750.987999999999,5750.987999999999
link,td,0.24,0.2400842400842401,684,1,0.3442622950819672,0.0,0.3442622950819672,0.3442622950819672,0.5270908585718255,0.0,0.5270908585718255,0.5270908585718255,2069.9301549636807,0.0,2069.9301549636807,2069.9301549636807,2481.9240000000004,0.0,2481.9240000000004,2481.9240000000004,4739.865,0.0,4739.865,4739.865,5403.679,0.0,5403.679,5403.679
link,td,0.26,0.2600912600912601,741,1,0.12586829674909697,0.0,0.12586829674909697,0.12586829674909697,0.7454848569046958,0.0,0.7454848569046958,0.7454848569046958,2.817205298013245,0.0,2.817205298013245,2.817205298013245,0.0,0.0,0.0,0.0,0.0,0.0,0.0,0.0,0.0,0.0,0.0,0.0
link,td,0.28,0.2800982800982801,798,1,0.12586829674909697,0.0,0.12586829674909697,0.12586829674909697,0.7454848569046958,0.0,0.7454848569046958,0.7454848569046958,2.817205298013245,0.0,2.817205298013245,2.817205298013245,0.0,0.0,0.0,0.0,0.0,0.0,0.0,0.0,0.0,0.0,0.0,0.0
link,td,0.3,0.3001053001053001,855,1,0.12586829674909697,0.0,0.12586829674909697,0.12586829674909697,0.7454848569046958,0.0,0.7454848569046958,0.7454848569046958,2.817205298013245,0.0,2.817205298013245,2.817205298013245,0.0,0.0,0.0,0.0,0.0,0.0,0.0,0.0,0.0,0.0,0.0,0.0
link,td,0.32,0.3201123201123201,912,1,0.12586829674909697,0.0,0.12586829674909697,0.12586829674909697,0.7454848569046958,0.0,0.7454848569046958,0.7454848569046958,2.817205298013245,0.0,2.817205298013245,2.817205298013245,0.0,0.0,0.0,0.0,0.0,0.0,0.0,0.0,0.0,0.0,0.0,0.0
link,td,0.34,0.34011934011934014,969,1,0.12586829674909697,0.0,0.12586829674909697,0.12586829674909697,0.7454848569046958,0.0,0.7454848569046958,0.7454848569046958,2.817205298013245,0.0,2.817205298013245,2.817205298013245,0.0,0.0,0.0,0.0,0.0,0.0,0.0,0.0,0.0,0.0,0.0,0.0
link,td,0.36,0.3601263601263601,1026,1,0.12586829674909697,0.0,0.12586829674909697,0.12586829674909697,0.7454848569046958,0.0,0.7454848569046958,0.7454848569046958,2.817205298013245,0.0,2.817205298013245,2.817205298013245,0.0,0.0,0.0,0.0,0.0,0.0,0.0,0.0,0.0,0.0,0.0,0.0
link,td,0.38,0.38013338013338016,1083,1,0.12586829674909697,0.0,0.12586829674909697,0.12586829674909697,0.7454848569046958,0.0,0.7454848569046958,0.7454848569046958,2.817205298013245,0.0,2.817205298013245,2.817205298013245,0.0,0.0,0.0,0.0,0.0,0.0,0.0,0.0,0.0,0.0,0.0,0.0
link,td,0.4,0.40014040014040014,1140,1,0.12586829674909697,0.0,0.12586829674909697,0.12586829674909697,0.7454848569046958,0.0,0.7454848569046958,0.7454848569046958,2.817205298013245,0.0,2.817205298013245,2.817205298013245,0.0,0.0,0.0,0.0,0.0,0.0,0.0,0.0,0.0,0.0,0.0,0.0
node,lscc,0.0,0.0,0,1,0.8713531536537927,0.0,0.8713531536537927,0.8713531536537927,0.0,0.0,0.0,0.0,1678.3658804209185,0.0,1678.3658804209185,1678.3658804209185,1813.3350000000003,0.0,1813.3350000000003,1813.3350000000003,2515.206,0.0,2515.206,2515.206,3245.7529999999997,0.0,3245.7529999999997,3245.7529999999997
node,lscc,0.02,0.020196191575302943,35,1,0.8041122534037233,0.0,0.8041122534037233,0.8041122534037233,0.06724090025006946,0.0,0.06724090025006946,0.06724090025006946,1702.8736644782307,0.0,1702.8736644782307,1702.8736644782307,1853.1324999999997,0.0,1853.1324999999997,1853.1324999999997,2614.638,0.0,2614.638,2614.638,3515.656,0.0,3515.656,3515.656
node,lscc,0.04,0.03981534910559723,69,1,0.7521533759377604,0.0,0.7521533759377604,0.7521533759377604,0.1191997777160323,0.0,0.1191997777160323,0.1191997777160323,2017.912991134097,0.0,2017.912991134097,2017.912991134097,2026.1979999999999,0.0,2026.1979999999999,2026.1979999999999,4079.0319999999997,0.0,4079.0319999999997,4079.0319999999997,4323.497,0.0,4323.497,4323.497
node,lscc,0.06,0.06001154068090017,104,1,0.6465684912475688,0.0,0.6465684912475688,0.6465684912475688,0.22478466240622397,0.0,0.22478466240622397,0.22478466240622397,2070.4203360550064,0.0,2070.4203360550064,2070.4203360550064,1985.205,0.0,1985.205,1985.205,5051.7338,0.0,5051.7338,5051.7338,5387.753999999998,0.0,5387.753999999998,5387.753999999998
node,lscc,0.08,0.08020773225620312,139,1,0.567379827729925,0.0,0.567379827729925,0.567379827729925,0.3039733259238677,0.0,0.3039733259238677,0.3039733259238677,2179.6619588638587,0.0,2179.6619588638587,2179.6619588638587,1969.9999999999998,0.0,1969.9999999999998,1969.9999999999998,5513.310200000009,0.0,5513.310200000009,5513.310200000009,5720.7559999999985,0.0,5720.7559999999985,5720.7559999999985
node,lscc,0.1,0.0998268897864974,173,1,0.5337593776048902,0.0,0.5337593776048902,0.5337593776048902,0.3375937760489025,0.0,0.3375937760489025,0.3375937760489025,2220.7250635085893,0.0,2220.7250635085893,2220.7250635085893,1993.1190000000001,0.0,1993.1190000000001,1993.1190000000001,5720.7559999999985,0.0,5720.7559999999985,5720.7559999999985,5720.7559999999985,0.0,5720.7559999999985,5720.7559999999985
node,lscc,0.12,0.12002308136180034,208,1,0.5204223395387607,0.0,0.5204223395387607,0.5204223395387607,0.350930814115032,0.0,0.350930814115032,0.350930814115032,2630.428310731447,0.0,2630.428310731447,2630.428310731447,2073.4930000000004,0.0,2073.4930000000004,2073.4930000000004,7034.494,0.0,7034.494,7034.494,7034.494,0.0,7034.494,7034.494
node,lscc,0.14,0.1402192729371033,243,1,0.40205612670186164,0.0,0.40205612670186164,0.40205612670186164,0.4692970269519311,0.0,0.4692970269519311,0.4692970269519311,1673.813765031099,0.0,1673.813765031099,1673.813765031099,1749.3839999999998,0.0,1749.3839999999998,1749.3839999999998,3382.6130000000003,0.0,3382.6130000000003,3382.6130000000003,3844.725500000001,0.0,3844.725500000001,3844.725500000001
node,lscc,0.16,0.15983843046739757,277,1,0.3453737149208113,0.0,0.3453737149208113,0.3453737149208113,0.5259794387329815,0.0,0.5259794387329815,0.5259794387329815,1618.7909782783588,0.0,1618.7909782783588,1618.7909782783588,1407.782,0.0,1407.782,1407.782,3489.5170000000003,0.0,3489.5170000000003,3489.5170000000003,3971.3126999999945,0.0,3971.3126999999945,3971.3126999999945
node,lscc,0.18,0.18003462204270052,312,1,0.28230063906640734,0.0,0.28230063906640734,0.28230063906640734,0.5890525145873854,0.0,0.5890525145873854,0.5890525145873854,1339.54693996063,0.0,1339.54693996063,1339.54693996063,873.2739999999999,0.0,873.2739999999999,873.2739999999999,3382.6130000000003,0.0,3382.6130000000003,3382.6130000000003,5118.303,0.0,5118.303,5118.303
node,lscc,0.2,0.20023081361800346,347,1,0.21228118921922756,0.0,0.21228118921922756,0.21228118921922756,0.6590719644345652,0.0,0.6590719644345652,0.6590719644345652,1210.3864803664922,0.0,1210.3864803664922,1210.3864803664922,0.0,0.0,0.0,0.0,3634.3372000000013,0.0,3634.3372000000013,3634.3372000000013,6913.029550000048,0.0,6913.029550000048,6913.029550000048
node,lscc,0.22,0.21984997114829774,381,1,0.20894692970269518,0.0,0.20894692970269518,0.20894692970269518,0.6624062239510975,0.0,0.6624062239510975,0.6624062239510975,1193.3160172872342,0.0,1193.3160172872342,1193.3160172872342,0.0,0.0,0.0,0.0,3963.387699999998,0.0,3963.387699999998,3963.387699999998,7229.746,0.0,7229.746,7229.746
node,lscc,0.24,0.2400461627236007,416,1,0.18671853292581272,0.0,0.18671853292581272,0.18671853292581272,0.68463462072798,0.0,0.68463462072798,0.68463462072798,921.3745654761905,0.0,921.3745654761905,921.3745654761905,0.0,0.0,0.0,0.0,2336.498,0.0,2336.498,2336.498,7229.746,0.0,7229.746,7229.746
node,lscc,0.26,0.26024235429890363,451,1,0.18393998332870243,0.0,0.18393998332870243,0.18393998332870243,0.6874131703250903,0.0,0.6874131703250903,0.6874131703250903,919.8184244712992,0.0,919.8184244712992,919.8184244712992,0.0,0.0,0.0,0.0,2410.886,0.0,2410.886,2410.886,7229.746,0.0,7229.746,7229.746
node,lscc,0.28,0.27986151182919794,485,1,0.18310641844956932,0.0,0.18310641844956932,0.18310641844956932,0.6882467352042234,0.0,0.6882467352042234,0.6882467352042234,918.4127374810317,0.0,918.4127374810317,918.4127374810317,0.0,0.0,0.0,0.0,2412.5840000000003,0.0,2412.5840000000003,2412.5840000000003,7229.746,0.0,7229.746,7229.746
node,lscc,0.3,0.3000577034045009,520,1,0.17977215893303697,0.0,0.17977215893303697,0.17977215893303697,0.6915809947207557,0.0,0.6915809947207557,0.6915809947207557,915.3069922720247,0.0,915.3069922720247,915.3069922720247,0.0,0.0,0.0,0.0,2412.5840000000003,0.0,2412.5840000000003,2412.5840000000003,7229.746,0.0,7229.746,7229.746
node,lscc,0.32,0.32025389497980383,555,1,0.15337593776048902,0.0,0.15337593776048902,0.15337593776048902,0.7179772158933038,0.0,0.7179772158933038,0.7179772158933038,775.036579710145,0.0,775.036579710145,775.036579710145,0.0,0.0,0.0,0.0,2781.376600000006,0.0,2781.376600000006,2781.376600000006,7229.746,0.0,7229.746,7229.746
node,lscc,0.34,0.3398730525100981,589,1,0.15337593776048902,0.0,0.15337593776048902,0.15337593776048902,0.7179772158933038,0.0,0.7179772158933038,0.7179772158933038,775.036579710145,0.0,775.036579710145,775.036579710145,0.0,0.0,0.0,0.0,2781.376600000006,0.0,2781.376600000006,2781.376600000006,7229.746,0.0,7229.746,7229.746
node,lscc,0.36,0.36006924408540103,624,1,0.15337593776048902,0.0,0.15337593776048902,0.15337593776048902,0.7179772158933038,0.0,0.7179772158933038,0.7179772158933038,775.036579710145,0.0,775.036579710145,775.036579710145,0.0,0.0,0.0,0.0,2781.376600000006,0.0,2781.376600000006,2781.376600000006,7229.746,0.0,7229.746,7229.746
node,lscc,0.38,0.380265435660704,659,1,0.14837454848569048,0.0,0.14837454848569048,0.14837454848569048,0.7229786051681022,0.0,0.7229786051681022,0.7229786051681022,786.5398539325842,0.0,786.5398539325842,786.5398539325842,0.0,0.0,0.0,0.0,2933.7165999999975,0.0,2933.7165999999975,2933.7165999999975,7229.746,0.0,7229.746,7229.746
node,lscc,0.4,0.3998845931909983,693,1,0.14809669352597943,0.0,0.14809669352597943,0.14809669352597943,0.7232564601278133,0.0,0.7232564601278133,0.7232564601278133,785.970951219512,0.0,785.970951219512,785.970951219512,0.0,0.0,0.0,0.0,2952.8194000000017,0.0,2952.8194000000017,2952.8194000000017,7229.746,0.0,7229.746,7229.746
node,od_eff,0.0,0.0,0,1,0.8713531536537927,0.0,0.8713531536537927,0.8713531536537927,0.0,0.0,0.0,0.0,1678.3658804209185,0.0,1678.3658804209185,1678.3658804209185,1813.3350000000003,0.0,1813.3350000000003,1813.3350000000003,2515.206,0.0,2515.206,2515.206,3245.7529999999997,0.0,3245.7529999999997,3245.7529999999997
node,od_eff,0.02,0.020196191575302943,35,1,0.7768824673520422,0.0,0.7768824673520422,0.7768824673520422,0.09447068630175048,0.0,0.09447068630175048,0.09447068630175048,1631.4889202432046,0.0,1631.4889202432046,1631.4889202432046,1695.814,0.0,1695.814,1695.814,2593.051000000001,0.0,2593.051000000001,2593.051000000001,3515.656,0.0,3515.656,3515.656
node,od_eff,0.04,0.03981534910559723,69,1,0.6765768268963601,0.0,0.6765768268963601,0.6765768268963601,0.19477632675743262,0.0,0.19477632675743262,0.19477632675743262,1592.9014562628336,0.0,1592.9014562628336,1592.9014562628336,1634.0829999999996,0.0,1634.0829999999996,1634.0829999999996,2800.7254,0.0,2800.7254,2800.7254,3565.044,0.0,3565.044,3565.044
node,od_eff,0.06,0.06001154068090017,104,1,0.6446235065295916,0.0,0.6446235065295916,0.6446235065295916,0.22672964712420118,0.0,0.22672964712420118,0.22672964712420118,1587.2511775862067,0.0,1587.2511775862067,1587.2511775862067,1643.8345,0.0,1643.8345,1643.8345,2890.768000000001,0.0,2890.768000000001,2890.768000000001,3565.044,0.0,3565.044,3565.044
node,od_eff,0.08,0.08020773225620312,139,1,0.6137816060016671,0.0,0.6137816060016671,0.6137816060016671,0.25757154765212564,0.0,0.25757154765212564,0.25757154765212564,1683.0568515165232,0.0,1683.0568515165232,1683.0568515165232,1775.263,0.0,1775.263,1775.263,2998.365600000002,0.0,2998.365600000002,2998.365600000002,4025.324000000001,0.0,4025.324000000001,4025.324000000001
node,od_eff,0.1,0.0998268897864974,173,1,0.5771047513198111,0.0,0.5771047513198111,0.5771047513198111,0.29424840233398164,0.0,0.29424840233398164,0.29424840233398164,1722.714364467983,0.0,1722.714364467983,1722.714364467983,1786.171,0.0,1786.171,1786.171,3453.377800000002,0.0,3453.377800000002,3453.377800000002,4026.017,0.0,4026.017,4026.017
node,od_eff,0.12,0.12002308136180034,208,1,0.4667963323145318,0.0,0.4667963323145318,0.4667963323145318,0.4045568213392609,0.0,0.4045568213392609,0.4045568213392609,1821.4550089285715,0.0,1821.4550089285715,1821.4550089285715,1970.7515,0.0,1970.7515,1970.7515,3929.7860000000023,0.0,3929.7860000000023,3929.7860000000023,4128.325,0.0,4128.325,4128.325
node,od_eff,0.14,0.1402192729371033,243,1,0.4492914698527369,0.0,0.4492914698527369,0.4492914698527369,0.42206168380105585,0.0,0.42206168380105585,0.42206168380105585,2967.7754273345704,0.0,2967.7754273345704,2967.7754273345704,3712.474,0.0,3712.474,3712.474,5304.331800000001,0.0,5304.331800000001,5304.331800000001,5781.128000000001,0.0,5781.128000000001,5781.128000000001
node,od_eff,0.16,0.15983843046739757,277,1,0.441511530980828,0.0,0.441511530980828,0.441511530980828,0.4298416226729647,0.0,0.4298416226729647,0.4298416226729647,3029.411926998112,0.0,3029.411926998112,3029.411926998112,3867.3559999999998,0.0,3867.3559999999998,3867.3559999999998,5568.568000000001,0.0,5568.568000000001,5568.568000000001,6062.674599999997,0.0,6062.674599999997,6062.674599999997
node,od_eff,0.18,0.18003462204270052,312,1,0.3178660739094193,0.0,0.3178660739094193,0.3178660739094193,0.5534870797443734,0.0,0.5534870797443734,0.5534870797443734,3196.0993225524476,0.0,3196.0993225524476,3196.0993225524476,3764.170999999999,0.0,3764.170999999999,3764.170999999999,5492.1503,0.0,5492.1503,5492.1503,6406.150000000001,0.0,6406.150000000001,6406.150000000001
node,od_eff,0.2,0.20023081361800346,347,1,0.30591831064184494,0.0,0.30591831064184494,0.30591831064184494,0.5654348430119478,0.0,0.5654348430119478,0.5654348430119478,3111.322871934605,0.0,3111.322871934605,3111.322871934605,3712.474,0.0,3712.474,3712.474,5303.531000000001,0.0,5303.531000000001,5303.531000000001,6325.543000000001,0.0,6325.543000000001,6325.543000000001
node,od_eff,0.22,0.21984997114829774,381,1,0.29174770769658237,0.0,0.29174770769658237,0.29174770769658237,0.5796054459572104,0.0,0.5796054459572104,0.5796054459572104,4637.95554952381,0.0,4637.95554952381,4637.95554952381,4523.9299999999985,0.0,4523.9299999999985,4523.9299999999985,8332.661000000002,0.0,8332.661000000002,8332.661000000002,9477.355299999996,0.0,9477.355299999996,9477.355299999996
node,od_eff,0.24,0.2400461627236007,416,1,0.26090580716865797,0.0,0.26090580716865797,0.26090580716865797,0.6104473464851348,0.0,0.6104473464851348,0.6104473464851348,4361.067851970181,0.0,4361.067851970181,4361.067851970181,4168.478999999998,0.0,4168.478999999998,4168.478999999998,8332.661000000002,0.0,8332.661000000002,8332.661000000002,9773.804000000002,0.0,9773.804000000002,9773.804000000002
node,od_eff,0.26,0.26024235429890363,451,1,0.07585440400111142,0.0,0.07585440400111142,0.07585440400111142,0.7954987496526813,0.0,0.7954987496526813,0.7954987496526813,11.650051282051281,0.0,11.650051282051281,11.650051282051281,0.0,0.0,0.0,0.0,0.0,0.0,0.0,0.0,0.0,0.0,0.0,0.0
node,od_eff,0.28,0.27986151182919794,485,1,0.027229786051681023,0.0,0.027229786051681023,0.027229786051681023,0.8441233676021117,0.0,0.8441233676021117,0.8441233676021117,32.453714285714284,0.0,32.453714285714284,32.453714285714284,0.0,0.0,0.0,0.0,0.0,0.0,0.0,0.0,337.559,0.0,337.559,337.559
node,od_eff,0.3,0.3000577034045009,520,1,0.024729091414281746,0.0,0.024729091414281746,0.024729091414281746,0.846624062239511,0.0,0.846624062239511,0.846624062239511,0.0,0.0,0.0,0.0,0.0,0.0,0.0,0.0,0.0,0.0,0.0,0.0,0.0,0.0,0.0,0.0
node,od_eff,0.32,0.32025389497980383,555,1,0.024729091414281746,0.0,0.024729091414281746,0.024729091414281746,0.846624062239511,0.0,0.846624062239511,0.846624062239511,0.0,0.0,0.0,0.0,0.0,0.0,0.0,0.0,0.0,0.0,0.0,0.0,0.0,0.0,0.0,0.0
node,od_eff,0.34,0.3398730525100981,589,1,0.021672686857460405,0.0,0.021672686857460405,0.021672686857460405,0.8496804667963324,0.0,0.8496804667963324,0.8496804667963324,0.0,0.0,0.0,0.0,0.0,0.0,0.0,0.0,0.0,0.0,0.0,0.0,0.0,0.0,0.0,0.0
node,od_eff,0.36,0.36006924408540103,624,1,0.021672686857460405,0.0,0.021672686857460405,0.021672686857460405,0.8496804667963324,0.0,0.8496804667963324,0.8496804667963324,0.0,0.0,0.0,0.0,0.0,0.0,0.0,0.0,0.0,0.0,0.0,0.0,0.0,0.0,0.0,0.0
node,od_eff,0.38,0.380265435660704,659,1,0.021672686857460405,0.0,0.021672686857460405,0.021672686857460405,0.8496804667963324,0.0,0.8496804667963324,0.8496804667963324,0.0,0.0,0.0,0.0,0.0,0.0,0.0,0.0,0.0,0.0,0.0,0.0,0.0,0.0,0.0,0.0
node,od_eff,0.4,0.3998845931909983,693,1,0.021672686857460405,0.0,0.021672686857460405,0.021672686857460405,0.8496804667963324,0.0,0.8496804667963324,0.8496804667963324,0.0,0.0,0.0,0.0,0.0,0.0,0.0,0.0,0.0,0.0,0.0,0.0,0.0,0.0,0.0,0.0
node,odbc,0.0,0.0,0,1,0.8713531536537927,0.0,0.8713531536537927,0.8713531536537927,0.0,0.0,0.0,0.0,1678.3658804209185,0.0,1678.3658804209185,1678.3658804209185,1813.3350000000003,0.0,1813.3350000000003,1813.3350000000003,2515.206,0.0,2515.206,2515.206,3245.7529999999997,0.0,3245.7529999999997,3245.7529999999997
node,odbc,0.02,0.020196191575302943,35,1,0.8510697415948875,0.0,0.8510697415948875,0.8510697415948875,0.02028341205890527,0.0,0.02028341205890527,0.02028341205890527,1867.1469327456741,0.0,1867.1469327456741,1867.1469327456741,2062.474,0.0,2062.474,2062.474,2949.2562,0.0,2949.2562,2949.2562,3563.884,0.0,3563.884,3563.884
node,odbc,0.04,0.03981534910559723,69,1,0.8271742150597389,0.0,0.8271742150597389,0.8271742150597389,0.04417893859405386,0.0,0.04417893859405386,0.04417893859405386,1959.2295377897215,0.0,1959.2295377897215,1959.2295377897215,2097.3880000000004,0.0,2097.3880000000004,2097.3880000000004,3187.533,0.0,3187.533,3187.533,3563.884,0.0,3563.884,3563.884
node,odbc,0.06,0.06001154068090017,104,1,0.7991108641289247,0.0,0.7991108641289247,0.7991108641289247,0.072242289524868,0.0,0.072242289524868,0.072242289524868,2267.0431728094577,0.0,2267.0431728094577,2267.0431728094577,2201.026,0.0,2201.026,2201.026,4475.729,0.0,4475.729,4475.729,5928.205000000001,0.0,5928.205000000001,5928.205000000001
node,odbc,0.08,0.08020773225620312,139,1,0.7399277577104751,0.0,0.7399277577104751,0.7399277577104751,0.1314253959433176,0.0,0.1314253959433176,0.1314253959433176,2579.6024337213676,0.0,2579.6024337213676,2579.6024337213676,2484.452,0.0,2484.452,2484.452,5145.7660000000005,0.0,5145.7660000000005,5145.7660000000005,6429.203000000001,0.0,6429.203000000001,6429.203000000001
node,odbc,0.1,0.0998268897864974,173,1,0.7163100861350375,0.0,0.7163100861350375,0.7163100861350375,0.15504306751875518,0.0,0.15504306751875518,0.15504306751875518,3373.8258269976727,0.0,3373.8258269976727,3373.8258269976727,3361.459,0.0,3361.459,3361.459,6440.653600000002,0.0,6440.653600000002,6440.653600000002,7075.258000000001,0.0,7075.258000000001,7075.258000000001
node,odbc,0.12,0.12002308136180034,208,1,0.7046401778271743,0.0,0.7046401778271743,0.7046401778271743,0.16671297582661848,0.0,0.16671297582661848,0.16671297582661848,3577.4851711356473,0.0,3577.4851711356473,3577.4851711356473,3735.751,0.0,3735.751,3735.751,6733.432,0.0,6733.432,6733.432,7229.746,0.0,7229.746,7229.746
node,odbc,0.14,0.1402192729371033,243,1,0.6988052236732426,0.0,0.6988052236732426,0.6988052236732426,0.17254792998055013,0.0,0.17254792998055013,0.17254792998055013,3625.4767646123264,0.0,3625.4767646123264,3625.4767646123264,3712.474,0.0,3712.474,3712.474,6823.711000000001,0.0,6823.711000000001,6823.711000000001,7636.2176,0.0,7636.2176,7636.2176
node,odbc,0.16,0.15983843046739757,277,1,0.5101417060294526,0.0,0.5101417060294526,0.5101417060294526,0.3612114476243401,0.0,0.3612114476243401,0.3612114476243401,2843.6875354030503,0.0,2843.6875354030503,2843.6875354030503,3175.2480000000005,0.0,3175.2480000000005,3175.2480000000005,5317.310000000001,0.0,5317.310000000001,5317.310000000001,5791.328,0.0,5791.328,5791.328
node,odbc,0.18,0.18003462204270052,312,1,0.47735482078355096,0.0,0.47735482078355096,0.47735482078355096,0.3939983328702418,0.0,0.3939983328702418,0.3939983328702418,2929.710059371362,0.0,2929.710059371362,2929.710059371362,3343.9030000000007,0.0,3343.9030000000007,3343.9030000000007,5361.664399999998,0.0,5361.664399999998,5361.664399999998,5891.613349999955,0.0,5891.613349999955,5891.613349999955
node,odbc,0.2,0.20023081361800346,347,1,0.45734926368435674,0.0,0.45734926368435674,0.45734926368435674,0.414003889969436,0.0,0.414003889969436,0.414003889969436,2913.800890643986,0.0,2913.800890643986,2913.800890643986,3343.9030000000007,0.0,3343.9030000000007,3343.9030000000007,5493.25,0.0,5493.25,5493.25,7075.258000000001,0.0,7075.258000000001,7075.258000000001
node,odbc,0.22,0.21984997114829774,381,1,0.42317310363989996,0.0,0.42317310363989996,0.42317310363989996,0.4481800500138928,0.0,0.4481800500138928,0.4481800500138928,2765.9266454366384,0.0,2765.9266454366384,2765.9266454366384,3173.987,0.0,3173.987,3173.987,5642.261000000001,0.0,5642.261000000001,5642.261000000001,7075.258000000001,0.0,7075.258000000001,7075.258000000001
node,odbc,0.24,0.2400461627236007,416,1,0.3928869130313976,0.0,0.3928869130313976,0.3928869130313976,0.4784662406223951,0.0,0.4784662406223951,0.4784662406223951,2849.147664780764,0.0,2849.147664780764,2849.147664780764,3841.175,0.0,3841.175,3841.175,5307.588000000001,0.0,5307.588000000001,5307.588000000001,5781.128000000001,0.0,5781.128000000001,5781.128000000001
node,odbc,0.26,0.26024235429890363,451,1,0.3867741039177549,0.0,0.3867741039177549,0.3867741039177549,0.4845790497360378,0.0,0.4845790497360378,0.4845790497360378,2848.4800272988505,0.0,2848.4800272988505,2848.4800272988505,3824.6205,0.0,3824.6205,3824.6205,5303.531000000001,0.0,5303.531000000001,5303.531000000001,5781.128000000001,0.0,5781.128000000001,5781.128000000001
node,odbc,0.28,0.27986151182919794,485,1,0.38149485968324537,0.0,0.38149485968324537,0.38149485968324537,0.48985829397054736,0.0,0.48985829397054736,0.48985829397054736,2821.4869643117263,0.0,2821.4869643117263,2821.4869643117263,3734.895,0.0,3734.895,3734.895,5246.970799999999,0.0,5246.970799999999,5246.970799999999,5781.128000000001,0.0,5781.128000000001,5781.128000000001
node,odbc,0.3,0.3000577034045009,520,1,0.36537927202000553,0.0,0.36537927202000553,0.36537927202000553,0.5059738816337872,0.0,0.5059738816337872,0.5059738816337872,2839.1062448669204,0.0,2839.1062448669204,2839.1062448669204,3867.432,0.0,3867.432,3867.432,5303.531000000001,0.0,5303.531000000001,5303.531000000001,5781.128000000001,0.0,5781.128000000001,5781.128000000001
node,odbc,0.32,0.32025389497980383,555,1,0.3645457071408725,0.0,0.3645457071408725,0.3645457071408725,0.5068074465129202,0.0,0.5068074465129202,0.5068074465129202,2833.764302591464,0.0,2833.764302591464,2833.764302591464,3861.5110000000004,0.0,3861.5110000000004,3861.5110000000004,5303.531000000001,0.0,5303.531000000001,5303.531000000001,5781.128000000001,0.0,5781.128000000001,5781.128000000001
node,odbc,0.34,0.3398730525100981,589,1,0.2964712420116699,0.0,0.2964712420116699,0.2964712420116699,0.5748819116421229,0.0,0.5748819116421229,0.5748819116421229,2521.598396438613,0.0,2521.598396438613,2521.598396438613,3210.997,0.0,3210.997,3210.997,5576.977000000001,0.0,5576.977000000001,5576.977000000001,5781.128000000001,0.0,5781.128000000001,5781.128000000001
node,odbc,0.36,0.36006924408540103,624,1,0.2559044178938594,0.0,0.2559044178938594,0.2559044178938594,0.6154487357599333,0.0,0.6154487357599333,0.6154487357599333,2143.1924723127036,0.0,2143.1924723127036,2143.1924723127036,958.3520000000002,0.0,958.3520000000002,958.3520000000002,5781.128000000001,0.0,5781.128000000001,5781.128000000001,5781.128000000001,0.0,5781.128000000001,5781.128000000001
node,odbc,0.38,0.380265435660704,659,1,0.25451514309530426,0.0,0.25451514309530426,0.25451514309530426,0.6168380105584885,0.0,0.6168380105584885,0.6168380105584885,2141.47884279476,0.0,2141.47884279476,2141.47884279476,894.1980000000003,0.0,894.1980000000003,894.1980000000003,5781.128000000001,0.0,5781.128000000001,5781.128000000001,5781.128000000001,0.0,5781.128000000001,5781.128000000001
node,odbc,0.4,0.3998845931909983,693,1,0.25451514309530426,0.0,0.25451514309530426,0.25451514309530426,0.6168380105584885,0.0,0.6168380105584885,0.6168380105584885,2141.47884279476,0.0,2141.47884279476,2141.47884279476,894.1980000000003,0.0,894.1980000000003,894.1980000000003,5781.128000000001,0.0,5781.128000000001,5781.128000000001,5781.128000000001,0.0,5781.128000000001,5781.128000000001
node,random,0.0,0.0,0,30,0.8713531536537927,0.0,0.8713531536537927,0.8713531536537927,0.0,0.0,0.0,0.0,1678.3658804209185,0.0,1678.3658804209185,1678.3658804209185,1813.335,2.312606865032684e-13,1813.3350000000003,1813.3350000000003,2515.2060000000006,4.625213730065368e-13,2515.206,2515.206,3245.752999999999,9.250427460130737e-13,3245.7529999999997,3245.7529999999997
node,random,0.02,0.020196191575302943,35,30,0.8370565897934611,0.023017150032819518,0.7868227285357043,0.8616560155598778,0.0342965638603316,0.02301715003281952,0.00969713809391495,0.08453042511808831,1770.7560689808188,80.68973304397602,1672.9486593430368,1961.4516123889944,1911.9387833333335,96.07212929560315,1803.1490000000001,2165.7865875,2811.0872399999994,269.1196375158447,2478.137,3529.9047,3502.577079999996,301.07479636098395,2927.9341500000005,4144.4235
node,random,0.04,0.03981534910559723,69,30,0.7972770213948318,0.03031510501467919,0.7314809669352598,0.8338357877188107,0.07407613225896084,0.030315105014679187,0.03751736593498197,0.13987218671853288,1883.3781304003717,139.8297512690353,1693.0845987218793,2188.103924142487,2015.9121333333335,160.58753425468254,1786.9065,2364.7446,3138.6180166666663,386.32494505353543,2612.167655000003,3829.3528249999995,3745.511461666667,399.80301330975243,3091.9485999999997,4546.1831999999995
node,random,0.06,0.06001154068090017,104,30,0.7430675187552097,0.042312431091275894,0.6606001667129758,0.8115726590719644,0.12828563489858297,0.0423124310912759,0.05978049458182834,0.2107529869408169,1997.6933388565171,191.1248635836374,1729.5824063879704,2351.9727449466172,2102.9029666666665,196.41174639981804,1802.1027000000001,2540.7138999999997,3446.072440000001,467.05879744987726,2790.9680250000006,4208.016975,3992.9600749999995,521.999288911347,3303.1420125,4948.187620000001
node,random,0.08,0.08020773225620312,139,30,0.689441511530981,0.048851881383231356,0.5914559599888858,0.7627743817727146,0.18191164212281188,0.048851881383231356,0.10857877188107806,0.27989719366490684,2142.181870259056,255.3412648062191,1759.2706317503216,2596.1013706607296,2239.817,239.01265595350455,1901.215325,2665.866,3858.148063333334,602.3613134501794,2926.2246,4941.086224999999,4333.13154,679.5284933186794,3418.039849999997,5637.121985
node,random,0.1,0.0998268897864974,173,30,0.6160785403352783,0.07300049318324772,0.44121978327313144,0.7130730758544039,0.2552746133185144,0.07300049318324772,0.15828007779938874,0.4301333703806613,2252.764205085729,325.8866168746586,1796.2535563775682,2904.3788103697543,2323.697866666667,371.35332533079634,1829.0516750000002,3337.9702,4174.548879999999,671.1442894496585,3160.5000750000004,5587.66985,4654.363046666666,780.6749339631466,3555.620525,6227.22
node,random,0.12,0.12002308136180034,208,30,0.5261091043808465,0.09150783943191426,0.3794665184773548,0.6751389274798555,0.3452440492729462,0.09150783943191425,0.1962142261739372,0.49188663517643794,2277.5260710042157,438.0710650125551,1717.1621261189957,3053.250000137542,2341.0131000000006,532.7328549245957,1453.437975,3336.571174999999,4457.79326,843.5578208080625,3419.7556899999986,6238.294449999999,5014.779921666666,917.6099440610878,3893.21985,6701.1804
node,random,0.14,0.1402192729371033,243,30,0.4655367231638418,0.07747616371986453,0.3613434287302028,0.6118018894137259,0.4058164304899509,0.07747616371986453,0.2595512642400667,0.5100097249235899,2365.217268282375,507.18771072066306,1756.9861283373498,3462.2174518276265,2361.2034333333336,626.4533327872782,1492.3581125000003,3610.087224999998,4746.08559,866.8594674468432,3565.7483125000003,6725.041874999999,5384.717054999998,957.2987014635438,4182.9233,7330.048949999999
node,random,0.16,0.15983843046739757,277,30,0.3786885245901639,0.09860014737738615,0.20154209502639622,0.5245762711864406,0.49266462906362884,0.09860014737738618,0.34677688246735205,0.6698110586273964,2280.979417441665,654.7685007806629,1120.9879218456078,3490.8438206898427,2265.425583333333,868.8604037473957,790.2947125000002,3638.036374999999,4745.306846666667,1218.9615405557388,2310.8011250000004,7131.684974999997,5403.076505,1268.0652525903586,2892.251596249999,7598.8353
node,random,0.18,0.18003462204270052,312,30,0.30450125034731873,0.0875621377306035,0.15723812170047236,0.4303070297304807,0.5668519033064741,0.0875621377306035,0.44104612392331205,0.7141150319533203,2074.4579325117757,618.2219243651557,835.5688968979445,3113.7653419351727,1793.1334666666664,882.7269461799937,0.0,3014.7674500000003,4784.967096666666,1254.9043912683494,2462.3065799999986,7046.073549999999,5498.230393333333,1380.9887134233343,3036.20624,8005.5527125
node,random,0.2,0.20023081361800346,347,30,0.22712790589978699,0.06586440656347228,0.08607252014448458,0.3318699638788552,0.6442252477540057,0.06586440656347228,0.5394831897749376,0.7852806335093081,1695.4693126901648,716.9926297403782,547.8674350385447,2945.349347821757,1023.6622666666666,1033.809314738189,0.0,3164.8100499999996,4372.541329999999,1697.8890746985091,1435.0575250000006,7941.666775000001,5413.930118333335,1896.1070171129236,1624.3820374999998,8290.3133275
node,random,0.22,0.21984997114829774,381,30,0.1846068352320089,0.04401491601592774,0.0833981661572659,0.2573909419283134,0.6867463184217837,0.04401491601592773,0.6139622117254793,0.7879549874965268,1358.5838638364935,706.8298974151377,246.2446098022197,2811.384166848449,491.9828166666667,934.2246755574314,0.0,2919.4849249999997,3908.4516000000012,1860.3154446580972,1041.690212500001,7526.2366999999995,5308.017290000001,2207.836007428183,1284.21570875,8580.799667499998
node,random,0.24,0.2400461627236007,416,30,0.15495971103084188,0.048245732643478,0.07780633509308142,0.24351208669074742,0.716393442622951,0.04824573264347799,0.6278410669630453,0.7935468185607113,1103.6658219447065,618.4522287897531,226.64210337813626,2300.8978269310173,322.9098666666667,805.0306829075109,0.0,2798.3272749999987,3613.2468366666667,1840.700550269156,991.861685000001,7229.746,4606.989474999999,2155.1521034252496,1253.349475,7381.041649999999
node,random,0.26,0.26024235429890363,451,30,0.134407705844216,0.04401578294058452,0.06407335370936372,0.21565712697971656,0.7369454478095768,0.044015782940584516,0.6556960266740761,0.8072797999444289,814.245386746725,523.9492403603546,90.55245826149584,1861.758824377384,150.98141666666663,512.6143042684115,0.0,1334.1348499999972,2969.041043333334,1882.7273737237394,440.9880650000018,7229.746,3966.8362966666664,2315.1035446036394,800.806235,7381.041649999999
node,random,0.28,0.27986151182919794,485,30,0.11847735482078355,0.0397856934665136,0.049013614893025845,0.1767991108641289,0.7528757988330094,0.039785693466513596,0.6945540427896638,0.8223395387607669,557.7954916602505,477.66216649075227,29.97395082247962,1683.4402249321824,78.05781666666667,377.7605309467636,0.0,717.5814874999974,2106.2971566666665,1716.8394594629624,0.0,5944.353624999998,3145.1791483333313,2268.625905493221,305.44998749999974,7325.301624999999
node,random,0.3,0.3000577034045009,520,30,0.11115124571640272,0.041498527192608735,0.02156849124756877,0.17291608780216722,0.76020190793739,0.041498527192608735,0.6984370658516255,0.8497846624062239,505.48974128101537,460.5648969869756,26.00417720525651,1585.934398511904,70.23491666666665,368.7363696418576,0.0,618.2557374999972,1970.126653333334,1684.0157759096446,0.0,5979.588624999998,2954.1387483333324,2288.7018735289175,147.58834249999816,7325.301624999999
node,random,0.32,0.32025389497980383,555,30,0.105668241178105,0.0418503598491719,0.02156849124756877,0.16509447068630173,0.7656849124756877,0.04185035984917189,0.706258682967491,0.8497846624062239,420.69851868710606,427.61850911267044,7.397146161948095,1582.9119791775547,62.31605,325.40775016490517,0.0,552.9250874999975,1688.4173766666672,1603.0560372192874,0.0,5224.039299999996,2703.50656,2347.9161083054328,0.0,7325.301624999999
node,random,0.34,0.3398730525100981,589,30,0.10127813281467075,0.04261515085479411,0.01590025006946374,0.15989163656571265,0.7700750208391222,0.04261515085479411,0.71146151708808,0.855452903584329,368.600994660041,411.8264767263318,4.765052281406749,1582.998059563136,62.521833333333326,342.4461845324508,0.0,515.8051249999972,1493.6160900000002,1606.3974458383832,0.0,5224.039299999996,2289.4203383333293,2047.1115795310764,0.0,7325.301624999999
node,random,0.36,0.36006924408540103,624,30,0.09642493285171808,0.04240333288816016,0.015295915532092249,0.15716865796054458,0.7749282208020746,0.04240333288816015,0.7141844956932482,0.8560572381217004,323.89944256603104,420.8126872273082,4.765052281406749,1582.734940447801,59.44066666666666,325.5699396647874,0.0,490.3854999999974,1255.5113600000002,1660.7193184114346,0.0,5224.039299999996,2183.787938333333,2080.477186315219,0.0,7325.301624999999
node,random,0.38,0.380265435660704,659,30,0.09216449013614893,0.038915168350582,0.014893025840511255,0.1471658794109475,0.7791886635176438,0.038915168350582,0.7241872742428452,0.8564601278132814,282.6296901554485,324.0393678966928,2.2500267710632036,1173.8936182205798,0.0,0.0,0.0,0.0,1282.8452533333334,1938.5448999650725,0.0,7325.301624999999,2128.054829999999,2096.8991219785507,0.0,7325.301624999999
node,random,0.4,0.3998845931909983,693,30,0.09106233212929517,0.038630966889505326,0.014893025840511255,0.14483884412336762,0.7802908215244976,0.03863096688950533,0.7265143095304251,0.8564601278132814,278.4937187083235,333.4189625149676,2.2500267710632036,1190.8586417599,0.0,0.0,0.0,0.0,1231.5186166666672,1954.4078851142942,0.0,7325.301624999999,2094.2044516666665,2111.9534018727045,0.0,7325.301624999999
node,td,0.0,0.0,0,1,0.8713531536537927,0.0,0.8713531536537927,0.8713531536537927,0.0,0.0,0.0,0.0,1678.3658804209185,0.0,1678.3658804209185,1678.3658804209185,1813.3350000000003,0.0,1813.3350000000003,1813.3350000000003,2515.206,0.0,2515.206,2515.206,3245.7529999999997,0.0,3245.7529999999997,3245.7529999999997
node,td,0.02,0.020196191575302943,35,1,0.7004723534315087,0.0,0.7004723534315087,0.7004723534315087,0.17088080022228402,0.0,0.17088080022228402,0.17088080022228402,1566.5063070210235,0.0,1566.5063070210235,1566.5063070210235,1612.52,0.0,1612.52,1612.52,2503.847,0.0,2503.847,2503.847,3125.796,0.0,3125.796,3125.796
node,td,0.04,0.03981534910559723,69,1,0.5957210336204501,0.0,0.5957210336204501,0.5957210336204501,0.2756321200333426,0.0,0.2756321200333426,0.2756321200333426,1702.8603936567163,0.0,1702.8603936567163,1702.8603936567163,1734.1575,0.0,1734.1575,1734.1575,2705.074,0.0,2705.074,2705.074,3437.6205499999896,0.0,3437.6205499999896,3437.6205499999896
node,td,0.06,0.06001154068090017,104,1,0.5757154765212559,0.0,0.5757154765212559,0.5757154765212559,0.29563767713253686,0.0,0.29563767713253686,0.29563767713253686,1725.6201867760617,0.0,1725.6201867760617,1725.6201867760617,1775.263,0.0,1775.263,1775.263,2792.970600000001,0.0,2792.970600000001,2792.970600000001,4026.017,0.0,4026.017,4026.017
node,td,0.08,0.08020773225620312,139,1,0.468185607113087,0.0,0.468185607113087,0.468185607113087,0.40316754654070575,0.0,0.40316754654070575,0.40316754654070575,2648.3267376854606,0.0,2648.3267376854606,2648.3267376854606,2578.9089999999997,0.0,2578.9089999999997,2578.9089999999997,4741.1309999999985,0.0,4741.1309999999985,4741.1309999999985,5341.9580000000005,0.0,5341.9580000000005,5341.9580000000005
node,td,0.1,0.0998268897864974,173,1,0.3848291191997777,0.0,0.3848291191997777,0.3848291191997777,0.48652403445401504,0.0,0.48652403445401504,0.48652403445401504,3709.845439711191,0.0,3709.845439711191,3709.845439711191,3895.5509999999995,0.0,3895.5509999999995,3895.5509999999995,6761.349000000001,0.0,6761.349000000001,6761.349000000001,7187.7152000000015,0.0,7187.7152000000015,7187.7152000000015
node,td,0.12,0.12002308136180034,208,1,0.36815782161711585,0.0,0.36815782161711585,0.36815782161711585,0.5031953320366769,0.0,0.5031953320366769,0.5031953320366769,3809.673270188679,0.0,3809.673270188679,3809.673270188679,4153.306999999999,0.0,4153.306999999999,4153.306999999999,6761.349000000001,0.0,6761.349000000001,6761.349000000001,7190.471000000002,0.0,7190.471000000002,7190.471000000002
node,td,0.14,0.1402192729371033,243,1,0.33842734092803556,0.0,0.33842734092803556,0.33842734092803556,0.5329258127257572,0.0,0.5329258127257572,0.5329258127257572,4083.3318571428567,0.0,4083.3318571428567,4083.3318571428567,4226.450999999999,0.0,4226.450999999999,4226.450999999999,7123.729600000001,0.0,7123.729600000001,7123.729600000001,7832.302000000001,0.0,7832.302000000001,7832.302000000001
node,td,0.16,0.15983843046739757,277,1,0.32898027229786053,0.0,0.32898027229786053,0.32898027229786053,0.5423728813559322,0.0,0.5423728813559322,0.5423728813559322,4098.435973817567,0.0,4098.435973817567,4098.435973817567,4240.592999999999,0.0,4240.592999999999,4240.592999999999,7130.199,0.0,7130.199,7130.199,7832.302000000001,0.0,7832.302000000001,7832.302000000001
node,td,0.18,0.18003462204270052,312,1,0.27063073075854405,0.0,0.27063073075854405,0.27063073075854405,0.6007224228952487,0.0,0.6007224228952487,0.6007224228952487,4248.452709445585,0.0,4248.452709445585,4248.452709445585,4349.253999999999,0.0,4349.253999999999,4349.253999999999,7233.938200000001,0.0,7233.938200000001,7233.938200000001,8471.035000000002,0.0,8471.035000000002,8471.035000000002
node,td,0.2,0.20023081361800346,347,1,0.22061683801055848,0.0,0.22061683801055848,0.22061683801055848,0.6507363156432342,0.0,0.6507363156432342,0.6507363156432342,5632.57713350126,0.0,5632.57713350126,5632.57713350126,6580.5525,0.0,6580.5525,6580.5525,8709.461000000001,0.0,8709.461000000001,8709.461000000001,9773.804000000002,0.0,9773.804000000002,9773.804000000002
node,td,0.22,0.21984997114829774,381,1,0.2189497082522923,0.0,0.2189497082522923,0.2189497082522923,0.6524034454015004,0.0,0.6524034454015004,0.6524034454015004,5647.185039340103,0.0,5647.185039340103,5647.185039340103,6588.463500000002,0.0,6588.463500000002,6588.463500000002,8736.371300000003,0.0,8736.371300000003,8736.371300000003,9773.804000000002,0.0,9773.804000000002,9773.804000000002
node,td,0.24,0.2400461627236007,416,1,0.2092247846624062,0.0,0.2092247846624062,0.2092247846624062,0.6621283689913865,0.0,0.6621283689913865,0.6621283689913865,5579.519164674634,0.0,5579.519164674634,5579.519164674634,6546.352000000002,0.0,6546.352000000002,6546.352000000002,8701.608,0.0,8701.608,8701.608,11709.281000000003,0.0,11709.281000000003,11709.281000000003
node,td,0.26,0.26024235429890363,451,1,0.024173381494859682,0.0,0.024173381494859682,0.024173381494859682,0.847179772158933,0.0,0.847179772158933,0.847179772158933,36.557057471264365,0.0,36.557057471264365,36.557057471264365,0.0,0.0,0.0,0.0,17.902000000000257,0.0,17.902000000000257,17.902000000000257,337.559,0.0,337.559,337.559
node,td,0.28,0.27986151182919794,485,1,0.021672686857460405,0.0,0.021672686857460405,0.021672686857460405,0.8496804667963324,0.0,0.8496804667963324,0.8496804667963324,0.0,0.0,0.0,0.0,0.0,0.0,0.0,0.0,0.0,0.0,0.0,0.0,0.0,0.0,0.0,0.0
node,td,0.3,0.3000577034045009,520,1,0.0025006946373992774,0.0,0.0025006946373992774,0.0025006946373992774,0.8688524590163934,0.0,0.8688524590163934,0.8688524590163934,0.0,0.0,0.0,0.0,0.0,0.0,0.0,0.0,0.0,0.0,0.0,0.0,0.0,0.0,0.0,0.0
node,td,0.32,0.32025389497980383,555,1,0.0025006946373992774,0.0,0.0025006946373992774,0.0025006946373992774,0.8688524590163934,0.0,0.8688524590163934,0.8688524590163934,0.0,0.0,0.0,0.0,0.0,0.0,0.0,0.0,0.0,0.0,0.0,0.0,0.0,0.0,0.0,0.0
node,td,0.34,0.3398730525100981,589,1,0.0025006946373992774,0.0,0.0025006946373992774,0.0025006946373992774,0.8688524590163934,0.0,0.8688524590163934,0.8688524590163934,0.0,0.0,0.0,0.0,0.0,0.0,0.0,0.0,0.0,0.0,0.0,0.0,0.0,0.0,0.0,0.0
node,td,0.36,0.36006924408540103,624,1,0.0025006946373992774,0.0,0.0025006946373992774,0.0025006946373992774,0.8688524590163934,0.0,0.8688524590163934,0.8688524590163934,0.0,0.0,0.0,0.0,0.0,0.0,0.0,0.0,0.0,0.0,0.0,0.0,0.0,0.0,0.0,0.0
node,td,0.38,0.380265435660704,659,1,0.0025006946373992774,0.0,0.0025006946373992774,0.0025006946373992774,0.8688524590163934,0.0,0.8688524590163934,0.8688524590163934,0.0,0.0,0.0,0.0,0.0,0.0,0.0,0.0,0.0,0.0,0.0,0.0,0.0,0.0,0.0,0.0
node,td,0.4,0.3998845931909983,693,1,0.0025006946373992774,0.0,0.0025006946373992774,0.0025006946373992774,0.8688524590163934,0.0,0.8688524590163934,0.8688524590163934,0.0,0.0,0.0,0.0,0.0,0.0,0.0,0.0,0.0,0.0,0.0,0.0,0.0,0.0,0.0,0.0
